Due Date,Date Completed,Task Name,Task Type,Assignees,Plantings Assigned,Location Assigned,Method,Sub-method,Input,Description,Manufacturer,OMRI,Application Rate Amount,Application Rate Amount Unit,Application Rate Area,Comments,Name Of Pest Identified,Number Of Minutes,Lines Of Drip,360 Pipe #Lines,360 Pipe Minutes,360 Pipe Heads Per Line,180 Pipe #Lines,180 Pipe Minutes,180 Pipe Heads Per Line,Total Inches,Total Gallons,Completed,Total Labor Hours
25/04/2019,25/04/2019,Transplant,Transplant,Nimrod Wald,Summer Squash Benning's Green Tint Scallop 03/04/2019 ,"Ramim,Ra.3,Block R3,Beds 331",,,,,,,,,,,,,,,,,,,,0.0,0.0,Yes,
03/04/2019,03/04/2019,Greenhouse Sow,Greenhouse Sow,Nimrod Wald,Summer Squash Benning's Green Tint Scallop 03/04/2019 ,"Ramim,Ra.3,Block R3,Beds 331",,,,,,,,,,,,,,,,,,,,0.0,0.0,Yes,
03/04/2019,03/04/2019,Transplant,Transplant,Garden Admin,Winter Squash Generic Variety 11/03/2019 ,"Ramim,Ra.3,Block R3,Beds 331",,,,,,,,,,,,,,,,,,,,0.0,0.0,Yes,
11/03/2019,,Greenhouse Sow,Greenhouse Sow,Garden Admin,Winter Squash Generic Variety 11/03/2019 ,"Ramim,Ra.3,Block R3,Beds 331",,,,,,,,,,,,,,,,,,,,0.0,0.0,Yes,
28/08/2019,28/08/2019,Direct Sow,Direct Sow,Garden Admin,Beets MIX עלי ביבי 28/08/2019 ,"Ramim,Ra.2,Block C6m,Beds 208",,,,,,,0,,,,,,,,,,,,,0.0,0.0,Yes,
13/01/2019,26/03/2019,Direct Sow,Direct Sow,Garden Admin,Arugula Wild Rocket 13/01/2019 ,"Ramim,Ra.2,Block C6m,Beds 208",,,,,,,,,,,,,,,,,,,,0.0,0.0,Yes,
16/10/2019,16/10/2019,Direct Sow,Direct Sow,Nimrod Wald,Radishes Nero Tondo 16/10/2019 ,"Ramim,Ra.1,Block L6m,Beds 103",,,,,,,0,,,,,,,,,,,,,0.0,0.0,Yes,
16/10/2019,16/10/2019,Direct Sow,Direct Sow,Nimrod Wald,Radishes Daikon Long 16/10/2019 ,"Ramim,Ra.1,Block L6m,Beds 103",,,,,,,0,,,,,,,,,,,,,0.0,0.0,Yes,
28/08/2019,28/08/2019,Direct Sow,Direct Sow,Nimrod Wald,Radishes French Breakfast 28/08/2019 ,"Ramim,Ra.1,Block L6m,Beds 103",,,,,,,0,,,,,,,,,,,,,0.0,0.0,Yes,
12/08/2019,12/08/2019,Direct Sow,Direct Sow,Garden Admin,Lettuce: Salad Mix Mesclun Mix 12/08/2019 ,"Ramim,Ra.1,Block L6m,Beds 103",,,,,,,0,,,,,,,,,,,,,0.0,0.0,Yes,
19/06/2019,19/06/2019,Direct Sow,Direct Sow,"Garden Admin , Nimrod Wald",Kale Red Russian 19/06/2019 ,"Ramim,Ra.1,Block L6m,Beds 103",,,,"15 ג זרעים
",,,0,,,,,,,,,,,,,0.0,0.0,Yes,
03/04/2019,03/04/2019,,Direct Sow,Garden Admin,Lettuce: Salad Mix Encore Lettuce Mix 03/04/2019 ,"Ramim,Ra.1,Block L6m,Beds 103",,,,,,,,,,,,,,,,,,,,0.0,0.0,Yes,
02/10/2019,04/10/2019,Direct Sow,Direct Sow,Nimrod Wald,Lettuce: Salad Mix Mesclun Mix 02/10/2019 ,"Home,HH,Block C,Beds 15",,,,,,,,,,,,,,,,,,,,0.0,0.0,Yes,
12/08/2019,12/08/2019,Transplant,Transplant,Garden Admin,Lettuce Generic Variety 18/07/2019 ,"Home,HH,Block C,Beds 15",,,,,,,0,,,,,,,,,,,,,0.0,0.0,Yes,
18/07/2019,21/07/2019,Greenhouse Sow,Greenhouse Sow,Garden Admin,Lettuce Generic Variety 18/07/2019 ,"Home,HH,Block C,Beds 15",,,,,,,0,,,,,,,,,,,,,0.0,0.0,Yes,
12/06/2019,12/06/2019,Transplant,Transplant,Nimrod Wald,Summer Squash Anton 29/05/2019 ,"Home,HH,Block C,Beds 15",,,,,,,0,,,,,,,,,,,,,0.0,0.0,Yes,
29/05/2019,09/06/2019,Greenhouse Sow,Greenhouse Sow,Nimrod Wald,Summer Squash Anton 29/05/2019 ,"Home,HH,Block C,Beds 15",,,,,,,,,,,,,,,,,,,,0.0,0.0,Yes,
06/05/2019,07/05/2019,Direct Sow,Direct Sow,Garden Admin,Arugula Arugula 06/05/2019 ,"Home,HH,Block C,Beds 15",,,,,,,,,,,,,,,,,,,,0.0,0.0,Yes,
24/04/2019,28/04/2019,Transplant,Transplant,Nimrod Wald,Onions: Scallions Generic Variety 24/04/2019 ,"Home,HH,Block C,Beds 15",,,,,,,,,,,,,,,,,,,,0.0,0.0,Yes,
04/11/2019,04/11/2019,Transplant,Transplant,Nimrod Wald,Pac Choi (Bok Choy) Generic Variety 08/10/2019 ,"Ramim,Ra.1,Block L2,Beds 132",,,,,,,,,,,,,,,,,,,,0.0,0.0,Yes,
10/10/2019,10/10/2019,Transplant,Transplant,Garden Admin,Beets Generic Variety 26/08/2019 ,"Ramim,Ra.1,Block L2,Beds 132",,,,,,,,,,,,,,,,,,,,0.0,0.0,Yes,
08/10/2019,10/10/2019,Greenhouse Sow,Greenhouse Sow,Nimrod Wald,Pac Choi (Bok Choy) Generic Variety 08/10/2019 ,"Ramim,Ra.1,Block L2,Beds 132",,,,,,,0,,,,,,,,,,,,,0.0,0.0,Yes,
18/09/2019,18/09/2019,Transplant,Transplant,Garden Admin,Beets Generic Variety 15/08/2019 ,"Ramim,Ra.1,Block L2,Beds 132",,,,,,,,,,,,,,,,,,,,0.0,0.0,Yes,
04/09/2019,04/09/2019,Transplant,Transplant,Nimrod Wald,Beets Generic Variety 04/09/2019 ,"Ramim,Ra.1,Block L2,Beds 132",,,,,,,,,,,,,,,,,,,,0.0,0.0,Yes,
26/08/2019,26/08/2019,Greenhouse Sow,Greenhouse Sow,Garden Admin,Beets Generic Variety 26/08/2019 ,"Ramim,Ra.1,Block L2,Beds 132",,,,,,,,,,,,,,,,,,,,0.0,0.0,Yes,
15/08/2019,20/08/2019,Greenhouse Sow,Greenhouse Sow,Garden Admin,Beets Generic Variety 15/08/2019 ,"Ramim,Ra.1,Block L2,Beds 132",,,,,,,,,,,,,,,,,,,,0.0,0.0,Yes,
04/06/2019,05/06/2019,Direct Sow,Direct Sow,Garden Admin,Arugula Wild Rocket 04/06/2019 ,"Ramim,Ra.1,Block L2,Beds 132",,,,,,,0,,,,,,,,,,,,,0.0,0.0,Yes,
04/06/2019,05/06/2019,Direct Sow,Direct Sow,Garden Admin,Mustard Red Giant 04/06/2019 ,"Ramim,Ra.1,Block L2,Beds 132",,,,,,,0,,,,,,,,,,,,,0.0,0.0,Yes,
04/06/2019,05/06/2019,Direct Sow,Direct Sow,Yaniv Bocian,Cress Garden Broadleaf 04/06/2019 ,"Ramim,Ra.1,Block L2,Beds 132",,,,,,,0,,,,,,,,,,,,,0.0,0.0,Yes,
27/03/2019,02/04/2019,,Transplant,Garden Admin,Basil Genovese 27/03/2019 ,"Ramim,Ra.1,Block L2,Beds 132",,,,,,,,,,,,,,,,,,,,0.0,0.0,Yes,
19/06/2019,19/06/2019,Direct Sow,Direct Sow,Garden Admin,Arugula Arugula 19/06/2019 ,"Ramim,Ra.2,Block C1,Beds 215",,,,,,,0,,,10 גרם,,,,,,,,,,0.0,0.0,Yes,
19/06/2019,19/06/2019,Direct Sow,Direct Sow,Nimrod Wald,Mizuna Generic Variety 19/06/2019 ,"Ramim,Ra.2,Block C1,Beds 215",,,,,,,0,,,,,,,,,,,,,0.0,0.0,Yes,
13/03/2019,28/03/2019,Transplant,Transplant,Garden Admin,Celery Gigante Dorato 31/12/2018 ,"Ramim,Ra.2,Block C1,Beds 215",,,,,,,,,,,,,,,,,,,,0.0,0.0,Yes,
28/10/2019,28/10/2019,Direct Sow,Direct Sow,Nimrod Wald,Lettuce: Salad Mix Mesclun Mix 28/10/2019 ,"Home,HH,Block C,Beds 17",,,,,,,,,,,,,,,,,,,,0.0,0.0,Yes,
29/07/2019,02/08/2019,Direct Sow,Direct Sow,Garden Admin,Arugula Wild Rocket 29/07/2019 ,"Home,HH,Block C,Beds 17",,,,,,,0,,,,,,,,,,,,,0.0,0.0,Yes,
29/07/2019,01/08/2019,Direct Sow,Direct Sow,Nimrod Wald,Lettuce: Salad Mix Mesclun Mix 29/07/2019 ,"Home,HH,Block C,Beds 17",,,,,,,,,,,,,,,,,,,,0.0,0.0,Yes,
16/05/2019,17/05/2019,,Direct Sow,Garden Admin,Lettuce: Salad Mix Generic Variety 16/05/2019 ,"Home,HH,Block C,Beds 17",,,,,,,0,,,,,,,,,,,,,0.0,0.0,Yes,
15/04/2019,16/04/2019,Direct Sow,Direct Sow,Nimrod Wald,Beets MIX עלי ביבי 15/04/2019 ,"Home,HH,Block C,Beds 17",,,,,,,,,,,,,,,,,,,,0.0,0.0,Yes,
28/03/2019,28/03/2019,Direct Sow,Direct Sow,Garden Admin,Tatsoi Generic Variety 28/03/2019 ,"Home,HH,Block C,Beds 17",,,,,,,,,,,,,,,,,,,,0.0,0.0,Yes,
28/03/2019,28/03/2019,Direct Sow,Direct Sow,Garden Admin,Cress Garden Broadleaf 28/03/2019 ,"Home,HH,Block C,Beds 17",,,,,,,,,,,,,,,,,,,,0.0,0.0,Yes,
02/10/2019,10/10/2019,Transplant,Transplant,Nimrod Wald,Parsley Generic Variety 02/10/2019 ,"Ramim,Ra.1,Block L6m,Beds 101",,,,,,,,,,,,,,,,,,,,0.0,0.0,Yes,
12/08/2019,12/08/2019,Direct Sow,Direct Sow,Garden Admin,Arugula Arugula 12/08/2019 ,"Ramim,Ra.1,Block L6m,Beds 101",,,,,,,,,,,,,,,,,,,,0.0,0.0,Yes,
01/05/2019,02/05/2019,Direct Sow,Direct Sow,Nimrod Wald,Radishes Daikon Long 01/05/2019 ,"Ramim,Ra.1,Block L6m,Beds 101",,,,,,,0,,,,,,,,,,,,,0.0,0.0,Yes,
01/05/2019,02/05/2019,Direct Sow,Direct Sow,Nimrod Wald,Radishes Nero Tondo 01/05/2019 ,"Ramim,Ra.1,Block L6m,Beds 101",,,,,,,0,,,,,,,,,,,,,0.0,0.0,Yes,
03/01/2019,28/03/2019,Transplant,Transplant,Garden Admin,Chard Bright Lights 01/11/2018 ,"Ramim,Ra.1,Block L6m,Beds 101",,,,,,,,,,,,,,,,,,,,0.0,0.0,Yes,
11/12/2019,11/12/2019,Transplant,Transplant,Nimrod Wald,Beets Generic Variety 11/12/2019 ,"Ramim,Ra.2,Block C1,Beds 209",,,,,,,0,,,,,,,,,,,,,0.0,0.0,Yes,
28/08/2019,28/08/2019,Direct Sow,Direct Sow,,Arugula Arugula 28/08/2019 ,"Ramim,Ra.2,Block C1,Beds 209",,,,,,,0,,,,,,,,,,,,,0.0,0.0,Yes,
28/08/2019,28/08/2019,Direct Sow,Direct Sow,Garden Admin,Mustard Red Giant 28/08/2019 ,"Ramim,Ra.2,Block C1,Beds 209",,,,,,,0,,,,,,,,,,,,,0.0,0.0,Yes,
26/06/2019,26/06/2019,Transplant,Transplant,Garden Admin,Lettuce Generic Variety 29/05/2019 ,"Ramim,Ra.2,Block C1,Beds 209",,,,,,,,,,,,,,,,,,,,0.0,0.0,Yes,
29/05/2019,29/05/2019,Greenhouse Sow,Greenhouse Sow,Garden Admin,Lettuce Generic Variety 29/05/2019 ,"Ramim,Ra.2,Block C1,Beds 209",,,,,,,0,,,,,,,,,,,,,0.0,0.0,Yes,
21/02/2019,24/05/2019,Transplant,Transplant,Garden Admin,Beets Chioggia Guardsmark 10/01/2019 ,"Ramim,Ra.2,Block C1,Beds 209",,,,,,,,,,,,,,,,,,,,0.0,0.0,Yes,
10/01/2019,,Greenhouse Sow,Greenhouse Sow,Nimrod Wald,Beets Chioggia Guardsmark 10/01/2019 ,"Ramim,Ra.2,Block C1,Beds 209",,,,,,,,,,,,,,,,,,,,0.0,0.0,Yes,
03/10/2019,03/10/2019,Transplant,Transplant,Nimrod Wald,Kale גומן 26/08/2019 ,"Ramim,Ra.1,Block L2,Beds 131",,,,,,,,,,,,,,,,,,,,0.0,0.0,Yes,
26/08/2019,26/08/2019,Greenhouse Sow,Greenhouse Sow,Nimrod Wald,Kale גומן 26/08/2019 ,"Ramim,Ra.1,Block L2,Beds 131",,,,,,,0,,,,,,,,,,,,,0.0,0.0,Yes,
26/06/2019,26/06/2019,Transplant,Transplant,Nimrod Wald,Summer Squash Benning's Green Tint Scallop 05/06/2019 ,"Ramim,Ra.1,Block L2,Beds 131",,,,,,,0,,,,,,,,,,,,,0.0,0.0,Yes,
05/06/2019,05/06/2019,Greenhouse Sow,Greenhouse Sow,Nimrod Wald,Summer Squash Benning's Green Tint Scallop 05/06/2019 ,"Ramim,Ra.1,Block L2,Beds 131",,,,,,,,,,,,,,,,,,,,0.0,0.0,Yes,
20/05/2019,21/05/2019,Transplant,Transplant,Garden Admin,Basil Generic Variety 20/05/2019 ,"Ramim,Ra.1,Block L2,Beds 131",,,,,,,0,,,חצי שתילים שלנו חצי השלמה של רם,,,,,,,,,,0.0,0.0,Yes,
15/04/2019,15/04/2019,Direct Sow,Direct Sow,Garden Admin,Radishes French Breakfast 15/04/2019 ,"Ramim,Ra.1,Block L2,Beds 131",,,,,,,0,,,,,,,,,,,,,0.0,0.0,Yes,
13/03/2019,30/03/2019,Transplant,Transplant,Garden Admin,Lettuce Generic Variety 31/12/2018 ,"Ramim,Ra.1,Block L2,Beds 131",,,,,,,,,,,,,,,,,,,,0.0,0.0,Yes,
05/10/2019,05/10/2019,Transplant,Transplant,Nimrod Wald,Lettuce: Salad Mix Salanova® Foundation Collection 05/10/2019 ,"Home,HH,Block C,Beds 13",,,,,,,0,,,,,,,,,,,,,0.0,0.0,Yes,
15/07/2019,21/07/2019,Transplant,Transplant,Garden Admin,Lettuce Generic Variety 20/06/2019 ,"Home,HH,Block C,Beds 13",,,,,,,,,,,,,,,,,,,,0.0,0.0,Yes,
20/06/2019,20/06/2019,Greenhouse Sow,Greenhouse Sow,Garden Admin,Lettuce Generic Variety 20/06/2019 ,"Home,HH,Block C,Beds 13",,,,,,,,,,,,,,,,,,,,0.0,0.0,Yes,
19/04/2019,30/04/2019,Transplant,Transplant,Garden Admin,Basil Genovese 20/03/2019 ,"Home,HH,Block C,Beds 13",,,,,,,,,,,,,,,,,,,,0.0,0.0,Yes,
20/03/2019,26/03/2019,Greenhouse Sow,Greenhouse Sow,Garden Admin,Basil Genovese 20/03/2019 ,"Home,HH,Block C,Beds 13",,,,,,,,,,,,,,,,,,,,0.0,0.0,Yes,
12/12/2019,12/12/2019,Direct Sow,Direct Sow,Nimrod Wald,Peas Taccola gigante 12/12/2019 ,"Ramim,Ra.1,Block L1,Beds 113",,,,,,,0,,,,,,,,,,,,,0.0,0.0,Yes,
14/11/2019,13/11/2019,Direct Sow,Direct Sow,Nimrod Wald,Lettuce: Salad Mix נטע מיקס - Luna Nera+Cavalo 14/11/2019 ,"Ramim,Ra.1,Block L1,Beds 113",,,,,,,0,,,4 שורות ירוק ו4 שורות אדום,,,,,,,,,,0.0,0.0,Yes,
15/07/2019,21/07/2019,Transplant,Transplant,Garden Admin,Basil Generic Variety 05/06/2019 ,"Ramim,Ra.1,Block L1,Beds 113",,,,,,,0,,,,,,,,,,,,,0.0,0.0,Yes,
05/06/2019,05/06/2019,Greenhouse Sow,Greenhouse Sow,Garden Admin,Basil Generic Variety 05/06/2019 ,"Ramim,Ra.1,Block L1,Beds 113",,,,,,,,,,,,,,,,,,,,0.0,0.0,Yes,
08/05/2019,08/05/2019,Transplant,Transplant,Nimrod Wald,Peppers Thai Red Chili 10/04/2019 ,"Ramim,Ra.1,Block L1,Beds 113",,,,,,,,,,,,,,,,,,,,0.0,0.0,Yes,
10/04/2019,21/04/2019,1st potting up,Potting up,Nimrod Wald,Peppers Thai Red Chili 10/04/2019 ,"Ramim,Ra.1,Block L1,Beds 113",,,,,,,,,,,,,,,,,,,,0.0,0.0,Yes,
19/02/2019,26/03/2019,Direct Sow,Direct Sow,Garden Admin,Beets MIX עלי ביבי 19/02/2019 ,"Ramim,Ra.1,Block L1,Beds 113",,,,,,,,,,,,,,,,,,,,0.0,0.0,Yes,
19/02/2019,28/03/2019,Direct Sow,Direct Sow,Garden Admin,Lettuce: Salad Mix Sativa L. 1836 19/02/2019 ,"Ramim,Ra.1,Block L1,Beds 113",,,,,,,,,,,,,,,,,,,,0.0,0.0,Yes,
25/10/2019,24/10/2019,Direct Sow,Direct Sow,Nimrod Wald,Kale Red Russian 25/10/2019 ,"Ramim,Ra.1,Block L1,Beds 111",,,,,,,0,,,,,,,,,,,,,0.0,0.0,Yes,
25/10/2019,24/10/2019,Direct Sow,Direct Sow,Nimrod Wald,Mizuna Generic Variety 25/10/2019 ,"Ramim,Ra.1,Block L1,Beds 111",,,,,,,0,,,,,,,,,,,,,0.0,0.0,Yes,
24/06/2019,24/06/2019,Direct Sow,Direct Sow,Garden Admin,Beans: Bush & Pole California Black Eyed 24/06/2019 ,"Ramim,Ra.1,Block L1,Beds 111",,,,,,,0,,,,,,,,,,,,,0.0,0.0,Yes,
25/04/2019,25/04/2019,Direct Sow,Direct Sow,Garden Admin,Beans: Bush & Pole 1500 Year Old Cave 25/04/2019 ,"Ramim,Ra.1,Block L1,Beds 111",,,,,,,0,,,,,,,,,,,,,0.0,0.0,Yes,
10/01/2019,28/03/2019,Direct Sow,Direct Sow,Garden Admin,Peas Kelvedon Wonder 10/01/2019 ,"Ramim,Ra.1,Block L1,Beds 111",,,,,,,,,,,,,,,,,,,,0.0,0.0,Yes,
31/10/2019,31/10/2019,Transplant from Purchased,Transplant,Garden Admin,Onions: Scallions Generic Variety 31/10/2019 ,"Ramim,Ra.3,Block R1,Beds 310",,,,,,,0,,,,,,,,,,,,,0.0,0.0,Yes,
04/09/2019,04/09/2019,Transplant,Transplant,Nimrod Wald,Celery Generic Variety 04/09/2019 ,"Ramim,Ra.3,Block R1,Beds 310",,,,,,,,,,,,,,,,,,,,0.0,0.0,Yes,
01/05/2019,04/05/2019,Direct Sow,Direct Sow,Garden Admin,Beans: Bush & Pole Thai Soldier 01/05/2019 ,"Ramim,Ra.3,Block R1,Beds 310",,,,,,,0,,,,,,,,,,,,,0.0,0.0,Yes,
10/04/2019,10/04/2019,Direct Sow,Direct Sow,Garden Admin,Corn Vanila 10/04/2019 ,"Ramim,Ra.3,Block R1,Beds 310",,,,,,,0,,,,,,,,,,,,,0.0,0.0,Yes,
10/07/2019,10/07/2019,Direct Sow,Direct Sow,Garden Admin,Beans: Bush & Pole fagiolo nano - franchise 10/07/2019 ,"Ramim,Ra.3,Block R1,Beds 306",,,,,,,0,,,,,,,,,,,,,0.0,0.0,Yes,
14/01/2019,30/03/2019,Transplant,Transplant,Garden Admin,Onions: Scallions Generic Variety 12/11/2018 ,"Ramim,Ra.3,Block R1,Beds 306",,,,,,,,,,,,,,,,,,,,0.0,0.0,Yes,
01/05/2019,04/05/2019,Transplant,Transplant,Garden Admin,Melons Hustan - הוסטאן 10/04/2019 ,"Ramim,Ra.3,Block R2,Beds 321",,,,,,,0,,,,,,,,,,,,,0.0,0.0,Yes,
10/04/2019,10/04/2019,1st potting up,Potting up,Garden Admin,Melons Hustan - הוסטאן 10/04/2019 ,"Ramim,Ra.3,Block R2,Beds 321",,,,,,,0,,,,,,,,,,,,,0.0,0.0,Yes,
04/12/2019,04/12/2019,Direct Sow,Direct Sow,Nimrod Wald,Arugula Wild Rocket 04/12/2019 ,"Ramim,Ra.1,Block L6m,Beds 105",,,,,,,0,,,,,,,,,,,,,0.0,0.0,Yes,
14/11/2019,14/11/2019,Transplant,Transplant,Nimrod Wald,Beets Bull's Blood 14/11/2019 ,"Ramim,Ra.2,Block C2,Beds 221",,,,,,,,,,,,,,,,,,,,0.0,0.0,Yes,
12/09/2019,06/10/2019,Transplant,Transplant,Nimrod Wald,Lettuce ערבית - רם שחר 12/09/2019 ,"Ramim,Ra.2,Block C2,Beds 221",,,,,,,,,,,,,,,,,,,,0.0,0.0,Yes,
22/05/2019,23/05/2019,Transplant,Transplant,Nimrod Wald,Celery Generic Variety 22/05/2019 ,"Ramim,Ra.2,Block C2,Beds 221",,,,,,,0,,,,,,,,,,,,,0.0,0.0,Yes,
30/05/2019,01/06/2019,Transplant,Transplant,Yaniv Bocian,Tomatoes Generic Variety 16/05/2019 ,"Ramim,Ra.3,Block R3,Beds 329",,,,,,,0,,,,,,,,,,,,,0.0,0.0,Yes,
16/05/2019,19/05/2019,1st potting up,Potting up,Nimrod Wald,Tomatoes Generic Variety 16/05/2019 ,"Ramim,Ra.3,Block R3,Beds 329",,,,,,,0,,,,,,,,,,,,,0.0,0.0,Yes,
08/01/2019,26/03/2019,Transplant,Transplant,Garden Admin,Beets Generic Variety 12/11/2018 ,"Ramim,Ra.3,Block R3,Beds 329",,,,,,,0,,,,,,,,,,,,,0.0,0.0,Yes,
19/06/2019,19/06/2019,Transplant,Transplant,Garden Admin,Peppers Padron 18/04/2019 ,"Ramim,Ra.2,Block C1,Beds 216",,,,,,,0,,,,,,,,,,,,,0.0,0.0,Yes,
19/06/2019,19/06/2019,Transplant,Transplant,Nimrod Wald,Lettuce Generic Variety 19/06/2019 ,"Ramim,Ra.2,Block C1,Beds 216",,,,,,,0,,,,,,,,,,,,,0.0,0.0,Yes,
23/05/2019,27/05/2019,1st potting up,Potting up,Nimrod Wald,Peppers Padron 18/04/2019 ,"Ramim,Ra.2,Block C1,Beds 216",,,,,,,,,,,,,,,,,,,,0.0,0.0,Yes,
18/04/2019,15/04/2019,Greenhouse Sow,Greenhouse Sow,Garden Admin,Peppers Padron 18/04/2019 ,"Ramim,Ra.2,Block C1,Beds 216",,,,,,,,,,,,,,,,,,,,0.0,0.0,Yes,
05/02/2019,26/03/2019,Transplant,Transplant,Garden Admin,Beets Ruby Queen 05/02/2019 ,"Ramim,Ra.2,Block C1,Beds 216",,,,,,,,,,,,,,,,,,,,0.0,0.0,Yes,
11/12/2019,11/12/2019,Transplant,Transplant,Nimrod Wald,Spinach Giant Winter 06/11/2019 ,"Ramim,Ra.2,Block C2,Beds 223",,,,,,,0,,,,,,,,,,,,,0.0,0.0,Yes,
06/11/2019,06/11/2019,Greenhouse Sow,Greenhouse Sow,Nimrod Wald,Spinach Giant Winter 06/11/2019 ,"Ramim,Ra.2,Block C2,Beds 223",,,,,,,0,,,,,,,,,,,,,0.0,0.0,Yes,
08/08/2019,08/08/2019,Direct Sow,Direct Sow,Nimrod Wald,Carrots Nantes Half Long 08/08/2019 ,"Ramim,Ra.2,Block C2,Beds 223",,,,,,,0,,,,,,,,,,,,,0.0,0.0,Yes,
04/03/2019,26/03/2019,Direct Sow,Direct Sow,Garden Admin,Beets Generic Variety 04/03/2019 ,"Ramim,Ra.2,Block C2,Beds 223",,,,,,,,,,,,,,,,,,,,0.0,0.0,Yes,
04/03/2019,26/03/2019,Direct Sow,Direct Sow,Garden Admin,Beets Boldor 04/03/2019 ,"Ramim,Ra.2,Block C2,Beds 223",,,,,,,,,,,,,,,,,,,,0.0,0.0,Yes,
26/08/2019,26/08/2019,Transplant,Transplant,Nimrod Wald,Kohlrabi Generic Variety 26/08/2019 ,"Ramim,Ra.2,Block C2,Beds 225",,,,,,,0,,,,,,,,,,,,,0.0,0.0,Yes,
29/05/2019,29/05/2019,Transplant,Transplant,Garden Admin,Beets Chioggia Guardsmark 15/04/2019 ,"Ramim,Ra.2,Block C2,Beds 225",,,,,,,0,,,,,,,,,,,,,0.0,0.0,Yes,
15/04/2019,15/04/2019,Greenhouse Sow,Greenhouse Sow,Nimrod Wald,Beets Chioggia Guardsmark 15/04/2019 ,"Ramim,Ra.2,Block C2,Beds 225",,,,,,,0,,,,,,,,,,,,,0.0,0.0,Yes,
01/01/2019,28/03/2019,Transplant,Transplant,Garden Admin,Celery Generic Variety 18/10/2018 ,"Ramim,Ra.2,Block C2,Beds 225",,,,,,,,,,,,,,,,,,,,0.0,0.0,Yes,
18/12/2019,18/12/2019,Direct Sow,Direct Sow,Nimrod Wald,Lettuce: Salad Mix נטע מיקס - Luna Nera+Cavalo 18/12/2019 ,"Ramim,Ra.1,Block L1,Beds 115",,,,,,,0,,,,,,,,,,,,,0.0,0.0,Yes,
16/10/2019,16/10/2019,Direct Sow,Direct Sow,Nimrod Wald,Radishes French Breakfast 16/10/2019 ,"Ramim,Ra.1,Block L1,Beds 115",,,,,,,0,,,,,,,,,,,,,0.0,0.0,Yes,
07/10/2019,07/10/2019,Transplant,Transplant,Garden Admin,Dill Generic Variety 26/08/2019 ,"Ramim,Ra.1,Block L1,Beds 115",,,,,,,0,,,,,,,,,,,,,0.0,0.0,Yes,
26/08/2019,26/08/2019,Greenhouse Sow,Greenhouse Sow,Garden Admin,Dill Generic Variety 26/08/2019 ,"Ramim,Ra.1,Block L1,Beds 115",,,,,,,0,,,,,,,,,,,,,0.0,0.0,Yes,
22/07/2019,31/07/2019,Transplant,Transplant,Garden Admin,Parsley Generic Variety 05/06/2019 ,"Ramim,Ra.1,Block L1,Beds 115",,,,,,,0,,,,,,,,,,,,,0.0,0.0,Yes,
05/06/2019,05/06/2019,Greenhouse Sow,Greenhouse Sow,Garden Admin,Parsley Generic Variety 05/06/2019 ,"Ramim,Ra.1,Block L1,Beds 115",,,,,,,,,,,,,,,,,,,,0.0,0.0,Yes,
01/05/2019,02/05/2019,Direct Sow,Direct Sow,Garden Admin,Beets Chioggia Guardsmark 01/05/2019 ,"Ramim,Ra.1,Block L1,Beds 115",,,,,,,,,,,,,,,,,,,,0.0,0.0,Yes,
04/12/2019,04/12/2019,Direct Sow,Direct Sow,Nimrod Wald,Cress Watercress 04/12/2019 ,"Ramim,Ra.1,Block L6m,Beds 106",,,,,,,0,,,,,,,,,,,,,0.0,0.0,Yes,
24/10/2019,24/10/2019,Direct Sow,Direct Sow,Nimrod Wald,Radishes French Breakfast 24/10/2019 ,"Ramim,Ra.1,Block L6m,Beds 106",,,,,,,,,,,,,,,,,,,,0.0,0.0,Yes,
03/07/2019,07/07/2019,Transplant,Transplant,Nimrod Wald,Chives Generic Variety 22/05/2019 ,"Ramim,Ra.1,Block L6m,Beds 106",,,,,,,0,,,,,,,,,,,,,0.0,0.0,Yes,
22/05/2019,23/05/2019,Greenhouse Sow,Greenhouse Sow,Nimrod Wald,Chives Generic Variety 22/05/2019 ,"Ramim,Ra.1,Block L6m,Beds 106",,,,,,,,,,,,,,,,,,,,0.0,0.0,Yes,
08/05/2019,08/05/2019,Direct Sow,Direct Sow,Garden Admin,Beets MIX עלי ביבי 08/05/2019 ,"Ramim,Ra.1,Block L6m,Beds 106",,,,,,,,,,,,,,,,,,,,0.0,0.0,Yes,
19/02/2019,28/03/2019,Direct Sow,Direct Sow,Garden Admin,"Lettuce: Salad Mix מיקס שלנו, דמוי בן שחר 19/02/2019 ","Ramim,Ra.1,Block L6m,Beds 106",,,,,,,,,,,,,,,,,,,,0.0,0.0,Yes,
25/10/2019,24/10/2019,Direct Sow,Direct Sow,Nimrod Wald,Beets MIX עלי ביבי 25/10/2019 ,"Ramim,Ra.1,Block L1,Beds 110",,,,,,,0,,,שלושה זנים לפי שתי שורות לזן - 25-30 גרם זרעים לזן,,,,,,,,,,0.0,0.0,Yes,
26/08/2019,26/08/2019,Transplant,Transplant,Garden Admin,Cilantro Santirini - נטע 01/08/2019 ,"Ramim,Ra.1,Block L1,Beds 110",,,,,,,0,,,,,,,,,,,,,0.0,0.0,Yes,
01/08/2019,01/08/2019,Greenhouse Sow,Greenhouse Sow,Garden Admin,Cilantro Santirini - נטע 01/08/2019 ,"Ramim,Ra.1,Block L1,Beds 110",,,,,,,,,,,,,,,,,,,,0.0,0.0,Yes,
19/06/2019,19/06/2019,Transplant,Transplant,Garden Admin,Beets Chioggia Guardsmark 22/05/2019 ,"Ramim,Ra.1,Block L1,Beds 110",,,,,,,0,,,,,,,,,,,,,0.0,0.0,Yes,
22/05/2019,22/05/2019,Greenhouse Sow,Greenhouse Sow,Nimrod Wald,Beets Chioggia Guardsmark 22/05/2019 ,"Ramim,Ra.1,Block L1,Beds 110",,,,,,,,,,,,,,,,,,,,0.0,0.0,Yes,
01/05/2019,02/05/2019,Direct Sow,Direct Sow,Garden Admin,Radishes French Breakfast 01/05/2019 ,"Ramim,Ra.1,Block L1,Beds 110",,,,לזרוע שני זנים - 4 שורות כל אחד לקבלת קטיף מדורג,,,0,,,לזרוע שני זנים - 4 שורות כל אחד לקבלת קטיף מדורג,,,,,,,,,,0.0,0.0,Yes,
13/01/2019,28/03/2019,Direct Sow,Direct Sow,Garden Admin,Parsley Root Generic Variety 13/01/2019 ,"Ramim,Ra.1,Block L1,Beds 110",,,,,,,,,,,,,,,,,,,,0.0,0.0,Yes,
04/11/2019,04/11/2019,Direct Sow,Direct Sow,Nimrod Wald,Spinach Generic Variety 04/11/2019 ,"Ramim,Ra.1,Block L2,Beds 127",,,,,,,,,,,,,,,,,,,,0.0,0.0,Yes,
19/09/2019,23/09/2019,Transplant from Purchased,Transplant,Garden Admin,Spinach Generic Variety 19/09/2019 ,"Ramim,Ra.1,Block L2,Beds 127",,,,,,,,,,,,,,,,,,,,0.0,0.0,Yes,
21/08/2019,21/08/2019,Transplant,Transplant,Garden Admin,Beets Generic Variety 25/07/2019 ,"Ramim,Ra.1,Block L2,Beds 127",,,,,,,0,,,,,,,,,,,,,0.0,0.0,Yes,
15/08/2019,20/08/2019,Transplant,Transplant,Garden Admin,Beets Generic Variety 04/07/2019 ,"Ramim,Ra.1,Block L2,Beds 127",,,,,,,0,,,,,,,,,,,,,0.0,0.0,Yes,
25/07/2019,31/07/2019,Greenhouse Sow,Greenhouse Sow,Garden Admin,Beets Generic Variety 25/07/2019 ,"Ramim,Ra.1,Block L2,Beds 127",,,,,,,,,,,,,,,,,,,,0.0,0.0,Yes,
08/07/2019,08/07/2019,Transplant,Transplant,Garden Admin,Beets Generic Variety 12/06/2019 ,"Ramim,Ra.1,Block L2,Beds 127",,,,,,,0,,,,,,,,,,,,,0.0,0.0,Yes,
04/07/2019,07/07/2019,Greenhouse Sow,Greenhouse Sow,Garden Admin,Beets Generic Variety 04/07/2019 ,"Ramim,Ra.1,Block L2,Beds 127",,,,,,,,,,,,,,,,,,,,0.0,0.0,Yes,
12/06/2019,12/06/2019,Greenhouse Sow,Greenhouse Sow,Garden Admin,Beets Generic Variety 12/06/2019 ,"Ramim,Ra.1,Block L2,Beds 127",,,,,,,,,,,,,,,,,,,,0.0,0.0,Yes,
13/03/2019,28/03/2019,Direct Sow,Direct Sow,Garden Admin,Carrots Nantes Half Long 13/03/2019 ,"Ramim,Ra.1,Block L2,Beds 127",,,,,,,,,,,,,,,,,,,,0.0,0.0,Yes,
13/11/2019,13/11/2019,Direct Sow,Direct Sow,Nimrod Wald,Radishes Nero Tondo 13/11/2019 ,"Ramim,Ra.2,Block C6m,Beds 203",,,,,,,0,,,,,,,,,,,,,0.0,0.0,Yes,
20/10/2019,20/10/2019,Direct Sow,Direct Sow,Nimrod Wald,Turnips lodigiana לבן שטוח 20/10/2019 ,"Ramim,Ra.2,Block C6m,Beds 203",,,,,,,0,,,לזרוע לפט בצד הרחוק של הערוגה,,,,,,,,,,0.0,0.0,Yes,
08/08/2019,08/08/2019,Direct Sow,Direct Sow,Nimrod Wald,Radishes Nero Tondo 08/08/2019 ,"Ramim,Ra.2,Block C6m,Beds 203",,,,,,,0,,,,,,,,,,,,,0.0,0.0,Yes,
08/08/2019,08/08/2019,Direct Sow,Direct Sow,Nimrod Wald,Radishes Daikon Long 08/08/2019 ,"Ramim,Ra.2,Block C6m,Beds 203",,,,,,,0,,,,,,,,,,,,,0.0,0.0,Yes,
10/07/2019,10/07/2019,Direct Sow,Direct Sow,Garden Admin,Beets MIX עלי ביבי 10/07/2019 ,"Ramim,Ra.2,Block C6m,Beds 203",,,,,,,0,,,,,,,,,,,,,0.0,0.0,Yes,
26/06/2019,26/06/2019,Transplant,Transplant,Garden Admin,Dill Generic Variety 29/05/2019 ,"Ramim,Ra.2,Block C6m,Beds 203",,,,,,,,,,,,,,,,,,,,0.0,0.0,Yes,
29/05/2019,29/05/2019,Greenhouse Sow,Greenhouse Sow,Garden Admin,Dill Generic Variety 29/05/2019 ,"Ramim,Ra.2,Block C6m,Beds 203",,,,,,,0,,,,,,,,,,,,,0.0,0.0,Yes,
29/05/2019,29/05/2019,Transplant,Transplant,Garden Admin,Dill Generic Variety 01/05/2019 ,"Ramim,Ra.2,Block C6m,Beds 203",,,,,,,0,,,,,,,,,,,,,0.0,0.0,Yes,
01/05/2019,04/05/2019,Greenhouse Sow,Greenhouse Sow,Garden Admin,Dill Generic Variety 01/05/2019 ,"Ramim,Ra.2,Block C6m,Beds 203",,,,,,,,,,,,,,,,,,,,0.0,0.0,Yes,
27/03/2019,30/03/2019,Transplant,Transplant,Garden Admin,Cilantro Santirini - נטע 17/01/2019 ,"Ramim,Ra.2,Block C6m,Beds 203",,,,,,,,,,,,,,,,,,,,0.0,0.0,Yes,
12/06/2019,12/06/2019,Direct Sow,Direct Sow,Garden Admin,Corn Vanila 12/06/2019 ,"Ramim,Ra.3,Block R2,Beds 327",,,,,,,0,,,,,,,,,,,,,0.0,0.0,Yes,
03/04/2019,03/04/2019,Transplant,Transplant,Garden Admin,Onions: Scallions Generic Variety 17/01/2019 ,"Ramim,Ra.3,Block R2,Beds 327",,,,,,,0,,,,,,,,,,,,,0.0,0.0,Yes,
13/02/2019,28/03/2019,Transplant,Transplant,Garden Admin,Broccoli Generic Variety 18/12/2018 ,"Ramim,Ra.3,Block R2,Beds 327",,,,,,,,,,,,,,,,,,,,0.0,0.0,Yes,
17/01/2019,31/03/2019,Greenhouse Sow,Greenhouse Sow,Garden Admin,Onions: Scallions Generic Variety 17/01/2019 ,"Ramim,Ra.3,Block R2,Beds 327",,,,,,,,,,,,,,,,,,,,0.0,0.0,Yes,
25/04/2019,25/04/2019,Transplant,Transplant,Garden Admin,Melons Hustan - הוסטאן 28/03/2019 ,"Ramim,Ra.3,Block R2,Beds 325",,,,,,,0,,,,,,,,,,,,,0.0,0.0,Yes,
28/03/2019,31/03/2019,1st potting up,Potting up,Garden Admin,Melons Hustan - הוסטאן 28/03/2019 ,"Ramim,Ra.3,Block R2,Beds 325",,,,,,,0,,,,,,,,,,,,,0.0,0.0,Yes,
26/08/2019,26/08/2019,Transplant,Transplant,Nimrod Wald,Fennel Generic Variety 26/08/2019 ,"Ramim,Ra.2,Block C2,Beds 227",,,,,,,0,,,,,,,,,,,,,0.0,0.0,Yes,
05/06/2019,05/06/2019,Transplant,Transplant,Garden Admin,Lettuce Generic Variety 08/05/2019 ,"Ramim,Ra.2,Block C2,Beds 227",,,,,,,0,,,,,,,,,,,,,0.0,0.0,Yes,
08/05/2019,08/05/2019,Greenhouse Sow,Greenhouse Sow,Garden Admin,Lettuce Generic Variety 08/05/2019 ,"Ramim,Ra.2,Block C2,Beds 227",,,,,,,,,,,,,,,,,,,,0.0,0.0,Yes,
20/10/2019,20/10/2019,Transplant,Transplant,Nimrod Wald,Kohlrabi קרף - נטע 23/09/2019 ,"Ramim,Ra.3,Block R1,Beds 305",,,,,,,0,,,,,,,,,,,,,0.0,0.0,Yes,
23/09/2019,09/10/2019,Greenhouse Sow,Greenhouse Sow,Nimrod Wald,Kohlrabi קרף - נטע 23/09/2019 ,"Ramim,Ra.3,Block R1,Beds 305",,,,,,,0,,,,,,,,,,,,,0.0,0.0,Yes,
27/03/2019,31/03/2019,Transplant,Transplant,Garden Admin,Winter Squash Mini Red Kabocha 11/03/2019 ,"Ramim,Ra.3,Block R1,Beds 305",,,,,,,,,,,,,,,,,,,,0.0,0.0,Yes,
11/03/2019,31/03/2019,Greenhouse Sow,Greenhouse Sow,Garden Admin,Winter Squash Mini Red Kabocha 11/03/2019 ,"Ramim,Ra.3,Block R1,Beds 305",,,,,,,,,,,,,,,,,,,,0.0,0.0,Yes,
30/01/2019,28/03/2019,Transplant,Transplant,Garden Admin,Cabbage Generic Variety 03/12/2018 ,"Ramim,Ra.3,Block R1,Beds 305",,,,,,,,,,,,,,,,,,,,0.0,0.0,Yes,
28/11/2019,28/11/2019,Direct Sow,Direct Sow,Nimrod Wald,Cress Watercress 28/11/2019 ,"Home,HH,Block C,Beds 14",,,,,,,0,,,,,,,,,,,,,0.0,0.0,Yes,
30/10/2019,31/10/2019,Direct Sow,Direct Sow,Nimrod Wald,Arugula Arugula 30/10/2019 ,"Home,HH,Block C,Beds 14",,,,,,,0,,,,,,,,,,,,,0.0,0.0,Yes,
02/10/2019,05/10/2019,Direct Sow,Direct Sow,Nimrod Wald,Beets MIX עלי ביבי 02/10/2019 ,"Home,HH,Block C,Beds 14",,,,,,,0,,,,,,,,,,,,,0.0,0.0,Yes,
02/10/2019,05/10/2019,Direct Sow,Direct Sow,Nimrod Wald,Cress Garden Broadleaf 02/10/2019 ,"Home,HH,Block C,Beds 14",,,,,,,0,,,,,,,,,,,,,0.0,0.0,Yes,
07/08/2019,08/08/2019,Transplant,Transplant,Nimrod Wald,Lettuce Generic Variety 07/08/2019 ,"Home,HH,Block C,Beds 14",,,,,,,,,,,,,,,,,,,,0.0,0.0,Yes,
24/06/2019,24/06/2019,Direct Sow,Direct Sow,Garden Admin,Lettuce: Salad Mix Generic Variety 24/06/2019 ,"Home,HH,Block C,Beds 14",,,,,,,0,,,,,,,,,,,,,0.0,0.0,Yes,
06/05/2019,07/05/2019,Direct Sow,Direct Sow,Nimrod Wald,Radishes French Breakfast 06/05/2019 ,"Home,HH,Block C,Beds 14",,,,,,,0,,,,,,,,,,,,,0.0,0.0,Yes,
29/04/2019,30/04/2019,Transplant,Transplant,Nimrod Wald,Lettuce מסולסלת מעורב 29/04/2019 ,"Home,HH,Block C,Beds 14",,,,,,,0,,,,,,,,,,,,,0.0,0.0,Yes,
02/10/2019,09/10/2019,Transplant,Transplant,Garden Admin,Cilantro Santirini - נטע 26/08/2019 ,"Ramim,Ra.1,Block L1,Beds 114",,,,,,,0,,,,,,,,,,,,,0.0,0.0,Yes,
26/08/2019,26/08/2019,Greenhouse Sow,Greenhouse Sow,Garden Admin,Cilantro Santirini - נטע 26/08/2019 ,"Ramim,Ra.1,Block L1,Beds 114",,,,,,,0,,,,,,,,,,,,,0.0,0.0,Yes,
19/06/2019,19/06/2019,Direct Sow,Direct Sow,Garden Admin,"Lettuce: Salad Mix מיקס שלנו, דמוי בן שחר 19/06/2019 ","Ramim,Ra.1,Block L1,Beds 114",,,,,,,0,,,,,,,,,,,,,0.0,0.0,Yes,
07/11/2019,07/11/2019,Transplant,Transplant,Nimrod Wald,Cilantro Santirini - נטע 09/10/2019 ,"Ramim,Ra.1,Block L2,Beds 130",,,,,,,0,,,,,,,,,,,,,0.0,0.0,Yes,
09/10/2019,09/10/2019,Greenhouse Sow,Greenhouse Sow,Nimrod Wald,Cilantro Santirini - נטע 09/10/2019 ,"Ramim,Ra.1,Block L2,Beds 130",,,,,,,,,,,,,,,,,,,,0.0,0.0,Yes,
19/06/2019,31/07/2019,Direct Sow,Direct Sow,Nimrod Wald,Beans: Bush & Pole California Black Eyed 19/06/2019 ,"Ramim,Ra.1,Block L2,Beds 130",,,,,,,,,,,,,,,,,,,,0.0,0.0,Yes,
31/10/2019,31/10/2019,Transplant,Transplant,Nimrod Wald,Lettuce מסולסלת מעורב 31/10/2019 ,"Ramim,Ra.1,Block L1,Beds 120",,,,,,,0,,,,,,,,,,,,,0.0,0.0,Yes,
12/08/2019,12/08/2019,Transplant,Transplant,Garden Admin,Cilantro Santirini - נטע 15/07/2019 ,"Ramim,Ra.1,Block L1,Beds 120",,,,,,,0,,,,,,,,,,,,,0.0,0.0,Yes,
12/08/2019,20/08/2019,Transplant,Transplant,Nimrod Wald,Parsley Generic Variety 12/08/2019 ,"Ramim,Ra.1,Block L1,Beds 120",,,,,,,,,,,,,,,,,,,,0.0,0.0,Yes,
15/07/2019,21/07/2019,Greenhouse Sow,Greenhouse Sow,Garden Admin,Cilantro Santirini - נטע 15/07/2019 ,"Ramim,Ra.1,Block L1,Beds 120",,,,,,,0,,,,,,,,,,,,,0.0,0.0,Yes,
13/01/2019,28/03/2019,Direct Sow,Direct Sow,Garden Admin,Carrots Nantes Half Long 13/01/2019 ,"Ramim,Ra.1,Block L1,Beds 120",,,,,,,,,,,,,,,,,,,,0.0,0.0,Yes,
06/02/2019,28/03/2019,Direct Sow,Direct Sow,Garden Admin,Carrots Mix - מעורב צבעוני 06/02/2019 ,"Ramim,Ra.3,Block R1,Beds 308",,,,,,,,,,,,,,,,,,,,0.0,0.0,Yes,
11/09/2019,11/09/2019,Transplant,Transplant,Nimrod Wald,Fennel Generic Variety 01/08/2019 ,"Ramim,Ra.1,Block L2,Beds 125",,,,,,,0,,,קורס,,,,,,,,,,0.0,0.0,Yes,
01/08/2019,01/08/2019,Greenhouse Sow,Greenhouse Sow,Nimrod Wald,Fennel Generic Variety 01/08/2019 ,"Ramim,Ra.1,Block L2,Beds 125",,,,,,,,,,,,,,,,,,,,0.0,0.0,Yes,
19/02/2019,28/03/2019,Direct Sow,Direct Sow,Garden Admin,Carrots Nantes Half Long 19/02/2019 ,"Ramim,Ra.1,Block L2,Beds 125",,,,,,,,,,,,,,,,,,,,0.0,0.0,Yes,
17/10/2019,17/10/2019,Transplant,Transplant,Nimrod Wald,Lettuce: Salad Mix Salanova® Foundation Collection 17/10/2019 ,"Home,HH,Block B,Beds 10",,,,,,,,,,,,,,,,,,,,0.0,0.0,Yes,
26/08/2019,26/08/2019,Transplant,Transplant,Garden Admin,Lettuce Generic Variety 01/08/2019 ,"Home,HH,Block B,Beds 10",,,,,,,,,,,,,,,,,,,,0.0,0.0,Yes,
01/08/2019,01/08/2019,Greenhouse Sow,Greenhouse Sow,Garden Admin,Lettuce Generic Variety 01/08/2019 ,"Home,HH,Block B,Beds 10",,,,,,,,,,,,,,,,,,,,0.0,0.0,Yes,
10/04/2019,10/04/2019,Direct Sow,Direct Sow,Garden Admin,Carrots Nantes Half Long 10/04/2019 ,"Home,HH,Block B,Beds 10",,,,הוספת קו המטרה,,,0,,,הוספת קו המטרה,,,,,,,,,,0.0,0.0,Yes,
06/05/2019,07/05/2019,Direct Sow,Direct Sow,Garden Admin,Corn Vanila 06/05/2019 ,"Ramim,Ra.3,Block R2,Beds 324",,,,,,,0,,,,,,,,,,,,,0.0,0.0,Yes,
12/12/2019,12/12/2019,Direct Sow,Direct Sow,Nimrod Wald,Peas Taccola gigante 12/12/2019 ,"Ramim,Ra.3,Block R1,Beds 313",,,,,,,0,,,,,,,,,,,,,0.0,0.0,Yes,
30/05/2019,01/06/2019,Transplant,Transplant,Garden Admin,Cucumbers Facus - פאקוס 08/05/2019 ,"Ramim,Ra.3,Block R1,Beds 313",,,,,,,,,,,,,,,,,,,,0.0,0.0,Yes,
08/05/2019,08/05/2019,Greenhouse Sow,Greenhouse Sow,Garden Admin,Cucumbers Facus - פאקוס 08/05/2019 ,"Ramim,Ra.3,Block R1,Beds 313",,,,,,,,,,,,,,,,,,,,0.0,0.0,Yes,
28/10/2019,28/10/2019,Direct Sow,Direct Sow,Nimrod Wald,Cress Garden Broadleaf 28/10/2019 ,"Ramim,Ra.2,Block C1,Beds 214",,,,,,,0,,,,,,,,,,,,,0.0,0.0,Yes,
24/10/2019,24/10/2019,Direct Sow,Direct Sow,Nimrod Wald,Parsley Root Generic Variety 24/10/2019 ,"Ramim,Ra.2,Block C1,Beds 214",,,,,,,0,,,,,,,,,,,,,0.0,0.0,Yes,
19/06/2019,19/06/2019,Transplant,Transplant,Nimrod Wald,Eggplant Generic Variety 11/03/2019 ,"Ramim,Ra.2,Block C1,Beds 214",,,,,,,0,,,,,,,,,,,,,0.0,0.0,Yes,
27/05/2019,16/06/2019,1st potting up,Potting up,Nimrod Wald,Eggplant Generic Variety 11/03/2019 ,"Ramim,Ra.2,Block C1,Beds 214",,,,,,,,,,,,,,,,,,,,0.0,0.0,Yes,
13/03/2019,28/03/2019,Transplant,Transplant,Garden Admin,Celeriac Generic Variety 26/12/2018 ,"Ramim,Ra.2,Block C1,Beds 214",,,,,,,,,,,,,,,,,,,,0.0,0.0,Yes,
11/03/2019,16/06/2019,Greenhouse Sow,Greenhouse Sow,Nimrod Wald,Eggplant Generic Variety 11/03/2019 ,"Ramim,Ra.2,Block C1,Beds 214",,,,,,,,,,,,,,,,,,,,0.0,0.0,Yes,
28/08/2019,28/08/2019,Transplant,Transplant,Nimrod Wald,New Zealand Spinach Generic Variety 01/08/2019 ,"Ramim,Ra.2,Block C2,Beds 222",,,,,,,,,,,,,,,,,,,,0.0,0.0,Yes,
01/08/2019,01/08/2019,Greenhouse Sow,Greenhouse Sow,Nimrod Wald,New Zealand Spinach Generic Variety 01/08/2019 ,"Ramim,Ra.2,Block C2,Beds 222",,,,,,,,,,,,,,,,,,,,0.0,0.0,Yes,
03/07/2019,07/07/2019,Transplant,Transplant,Nimrod Wald,New Zealand Spinach Generic Variety 29/05/2019 ,"Ramim,Ra.2,Block C2,Beds 222",,,,,,,0,,,,,,,,,,,,,0.0,0.0,Yes,
29/05/2019,29/05/2019,Greenhouse Sow,Greenhouse Sow,Yaniv Bocian,New Zealand Spinach Generic Variety 29/05/2019 ,"Ramim,Ra.2,Block C2,Beds 222",,,,,,,0,,,,,,,,,,,,,0.0,0.0,Yes,
27/03/2019,28/03/2019,Transplant,Transplant,Garden Admin,Celeriac Generic Variety 01/01/2019 ,"Ramim,Ra.2,Block C2,Beds 222",,,,,,,,,,,,,,,,,,,,0.0,0.0,Yes,
27/03/2019,28/03/2019,Transplant,Transplant,Garden Admin,Celery Generic Variety 31/01/2019 ,"Ramim,Ra.2,Block C2,Beds 222",,,,,,,,,,,,,,,,,,,,0.0,0.0,Yes,
31/01/2019,28/03/2019,Greenhouse Sow,Greenhouse Sow,Garden Admin,Celery Generic Variety 31/01/2019 ,"Ramim,Ra.2,Block C2,Beds 222",,,,,,,,,,,,,,,,,,,,0.0,0.0,Yes,
01/01/2019,28/03/2019,Greenhouse Sow,Greenhouse Sow,Garden Admin,Celeriac Generic Variety 01/01/2019 ,"Ramim,Ra.2,Block C2,Beds 222",,,,,,,,,,,,,,,,,,,,0.0,0.0,Yes,
27/11/2019,27/11/2019,Transplant,Transplant,Nimrod Wald,Pac Choi (Bok Choy) Generic Variety 19/10/2019 ,"Ramim,Ra.2,Block C1,Beds 212",,,,,,,0,,,,,,,,,,,,,0.0,0.0,Yes,
19/10/2019,20/10/2019,Greenhouse Sow,Greenhouse Sow,Nimrod Wald,Pac Choi (Bok Choy) Generic Variety 19/10/2019 ,"Ramim,Ra.2,Block C1,Beds 212",,,,,,,0,,,,,,,,,,,,,0.0,0.0,Yes,
28/08/2019,28/08/2019,Direct Sow,Direct Sow,Nimrod Wald,Lettuce: Salad Mix Mesclun Mix 28/08/2019 ,"Ramim,Ra.2,Block C1,Beds 212",,,,,,,0,,,,,,,,,,,,,0.0,0.0,Yes,
13/02/2019,28/03/2019,Transplant,Transplant,Garden Admin,Celery Generic Variety 18/11/2018 ,"Ramim,Ra.2,Block C1,Beds 212",,,,,,,,,,,,,,,,,,,,0.0,0.0,Yes,
13/02/2019,30/03/2019,Transplant,Transplant,Garden Admin,Celeriac Generic Variety 18/11/2018 ,"Ramim,Ra.2,Block C1,Beds 212",,,,,,,,,,,,,,,,,,,,0.0,0.0,Yes,
31/10/2019,31/10/2019,Transplant,Transplant,Nimrod Wald,Lettuce ערבית - רם שחר 31/10/2019 ,"Ramim,Ra.2,Block C1,Beds 210",,,,,,,0,,,,,,,,,,,,,0.0,0.0,Yes,
26/08/2019,28/08/2019,Direct Sow,Direct Sow,Nimrod Wald,Sorrel Red Veined 26/08/2019 ,"Ramim,Ra.2,Block C1,Beds 210",,,,,,,,,,,,,,,,,,,,0.0,0.0,Yes,
26/08/2019,28/08/2019,Direct Sow,Direct Sow,Nimrod Wald,Tatsoi Generic Variety 26/08/2019 ,"Ramim,Ra.2,Block C1,Beds 210",,,,,,,,,,,,,,,,,,,,0.0,0.0,Yes,
19/06/2019,19/06/2019,Transplant,Transplant,Garden Admin,Cilantro Santirini - נטע 22/05/2019 ,"Ramim,Ra.2,Block C1,Beds 210",,,,,,,0,,,,,,,,,,,,,0.0,0.0,Yes,
22/05/2019,22/05/2019,Greenhouse Sow,Greenhouse Sow,Garden Admin,Cilantro Santirini - נטע 22/05/2019 ,"Ramim,Ra.2,Block C1,Beds 210",,,,,,,,,,,,,,,,,,,,0.0,0.0,Yes,
20/05/2019,21/05/2019,Transplant,Transplant,Garden Admin,Lettuce Generic Variety 20/05/2019 ,"Ramim,Ra.2,Block C1,Beds 210",,,,,,,0,,,,,,,,,,,,,0.0,0.0,Yes,
16/05/2019,30/05/2019,Transplant,Transplant,Nimrod Wald,Cilantro Coriander Leisure 16/05/2019 ,"Ramim,Ra.2,Block C1,Beds 210",,,,,,,,,,,,,,,,,,,,0.0,0.0,Yes,
10/10/2019,10/10/2019,Transplant,Transplant,Nimrod Wald,Chard Generic Variety 26/08/2019 ,"Home,HH,Block A,Beds 5",,,,,,,,,,,,,,,,,,,,0.0,0.0,Yes,
26/08/2019,27/08/2019,Greenhouse Sow,Greenhouse Sow,Nimrod Wald,Chard Generic Variety 26/08/2019 ,"Home,HH,Block A,Beds 5",,,,,,,,,,,,,,,,,,,,0.0,0.0,Yes,
26/08/2019,26/08/2019,Transplant,Transplant,Garden Admin,Chard Fordhook Giant 01/08/2019 ,"Home,HH,Block A,Beds 5",,,,,,,0,,,,,,,,,,,,,0.0,0.0,Yes,
01/08/2019,01/08/2019,Greenhouse Sow,Greenhouse Sow,Garden Admin,Chard Fordhook Giant 01/08/2019 ,"Home,HH,Block A,Beds 5",,,,,,,,,,,,,,,,,,,,0.0,0.0,Yes,
29/05/2019,29/05/2019,Transplant,Transplant,Garden Admin,Kale Lacinato (Dinosaur) 15/04/2019 ,"Home,HH,Block A,Beds 5",,,,,,,,,,,,,,,,,,,,0.0,0.0,Yes,
15/04/2019,15/04/2019,Greenhouse Sow,Greenhouse Sow,Garden Admin,Kale Lacinato (Dinosaur) 15/04/2019 ,"Home,HH,Block A,Beds 5",,,,,,,,,,,,,,,,,,,,0.0,0.0,Yes,
20/03/2019,28/03/2019,Transplant,Transplant,Garden Admin,Onions: Scallions Generic Variety 20/03/2019 ,"Home,HH,Block B,Beds 8",,,,,,,,,,,,,,,,,,,,0.0,0.0,Yes,
28/11/2019,28/11/2019,Direct Sow,Direct Sow,Nimrod Wald,Lettuce: Salad Mix Mesclun Mix 28/11/2019 ,"Home,HH,Block C,Beds 16",,,,,,,,,,,,,,,,,,,,0.0,0.0,Yes,
27/10/2019,28/10/2019,Direct Sow,Direct Sow,Nimrod Wald,Lettuce: Salad Mix נטע מיקס - Luna Nera+Cavalo 27/10/2019 ,"Home,HH,Block C,Beds 16",,,,,,,,,,,,,,,,,,,,0.0,0.0,Yes,
28/03/2019,28/03/2019,Direct Sow,Direct Sow,Garden Admin,"Lettuce: Salad Mix מיקס שלנו, דמוי בן שחר 28/03/2019 ","Home,HH,Block C,Beds 16",,,,,,,,,,,,,,,,,,,,0.0,0.0,Yes,
01/01/2019,28/03/2019,Direct Sow,Direct Sow,Garden Admin,"Lettuce: Salad Mix מיקס שלנו, דמוי בן שחר 01/01/2019 ","Home,HH,Block C,Beds 16",,,,,,,,,,,,,,,,,,,,0.0,0.0,Yes,
29/04/2019,26/05/2019,Transplant,Transplant,Nimrod Wald,Amaranth (Vegetable) Generic Variety 20/02/2019 ,"Home,HH,Block C,Beds 18",,,,,,,,,,,,,,,,,,,,0.0,0.0,Yes,
20/02/2019,26/05/2019,Greenhouse Sow,Greenhouse Sow,Nimrod Wald,Amaranth (Vegetable) Generic Variety 20/02/2019 ,"Home,HH,Block C,Beds 18",,,,,,,,,,,,,,,,,,,,0.0,0.0,Yes,
16/10/2019,16/10/2019,Direct Sow,Direct Sow,Nimrod Wald,"Lettuce: Salad Mix מיקס שלנו, דמוי בן שחר 16/10/2019 ","Ramim,Ra.1,Block L6m,Beds 104",,,,,,,0,,,,,,,,,,,,,0.0,0.0,Yes,
15/05/2019,15/05/2019,,Direct Sow,Nimrod Wald,Radishes French Breakfast 15/05/2019 ,"Ramim,Ra.1,Block L6m,Beds 104",,,,,,,0,,,,,,,,,,,,,0.0,0.0,Yes,
01/05/2019,04/05/2019,Transplant,Transplant,Garden Admin,Onions: Scallions Generic Variety 18/02/2019 ,"Ramim,Ra.1,Block L6m,Beds 104",,,,,,,0,,,,,,,,,,,,,0.0,0.0,Yes,
29/04/2019,30/04/2019,Transplant,Transplant,Garden Admin,Chives Generic Variety 20/03/2019 ,"Ramim,Ra.1,Block L6m,Beds 104",,,,,,,,,,,,,,,,,,,,0.0,0.0,Yes,
20/03/2019,31/03/2019,Greenhouse Sow,Greenhouse Sow,Garden Admin,Chives Generic Variety 20/03/2019 ,"Ramim,Ra.1,Block L6m,Beds 104",,,,,,,,,,,,,,,,,,,,0.0,0.0,Yes,
18/02/2019,31/03/2019,Greenhouse Sow,Greenhouse Sow,Garden Admin,Onions: Scallions Generic Variety 18/02/2019 ,"Ramim,Ra.1,Block L6m,Beds 104",,,,,,,,,,,,,,,,,,,,0.0,0.0,Yes,
04/12/2019,04/12/2019,Direct Sow,Direct Sow,Nimrod Wald,Radishes French Breakfast 04/12/2019 ,"Ramim,Ra.1,Block L6m,Beds 107",,,,,,,0,,,חצי נטע חצי פרנצ׳ איטלקי,,,,,,,,,,0.0,0.0,Yes,
12/08/2019,12/08/2019,Direct Sow,Direct Sow,Garden Admin,"Lettuce: Salad Mix מיקס שלנו, דמוי בן שחר 12/08/2019 ","Ramim,Ra.1,Block L6m,Beds 107",,,,,,,0,,,,,,,,,,,,,0.0,0.0,Yes,
19/02/2019,28/03/2019,Direct Sow,Direct Sow,Garden Admin,Parsley Root Generic Variety 19/02/2019 ,"Ramim,Ra.1,Block L6m,Beds 107",,,,,,,,,,,,,,,,,,,,0.0,0.0,Yes,
04/12/2019,05/12/2019,Transplant,Transplant,Nimrod Wald,Cilantro Santirini - נטע 06/11/2019 ,"Ramim,Ra.1,Block L1,Beds 112",,,,,,,,,,,,,,,,,,,,0.0,0.0,Yes,
06/11/2019,06/11/2019,Greenhouse Sow,Greenhouse Sow,Nimrod Wald,Cilantro Santirini - נטע 06/11/2019 ,"Ramim,Ra.1,Block L1,Beds 112",,,,,,,,,,,,,,,,,,,,0.0,0.0,Yes,
16/05/2019,19/05/2019,Transplant,Transplant,Nimrod Wald,Cilantro Coriander Leisure 16/05/2019 ,"Ramim,Ra.1,Block L1,Beds 112",,,,,,,,,,,,,,,,,,,,0.0,0.0,Yes,
25/04/2019,25/04/2019,Transplant,Transplant,Garden Admin,Parsley Generic Variety 24/02/2019 ,"Ramim,Ra.1,Block L1,Beds 112",,,,,,,0,,,,,,,,,,,,,0.0,0.0,Yes,
25/04/2019,25/04/2019,Transplant,Transplant,Garden Admin,Cilantro Santirini - נטע 24/02/2019 ,"Ramim,Ra.1,Block L1,Beds 112",,,,,,,,,,,,,,,,,,,,0.0,0.0,Yes,
24/02/2019,01/04/2019,Greenhouse Sow,Greenhouse Sow,Garden Admin,Parsley Generic Variety 24/02/2019 ,"Ramim,Ra.1,Block L1,Beds 112",,,,,,,,,,,,,,,,,,,,0.0,0.0,Yes,
24/02/2019,01/04/2019,Greenhouse Sow,Greenhouse Sow,Garden Admin,Cilantro Santirini - נטע 24/02/2019 ,"Ramim,Ra.1,Block L1,Beds 112",,,,,,,,,,,,,,,,,,,,0.0,0.0,Yes,
10/01/2019,28/03/2019,Direct Sow,Direct Sow,Garden Admin,Mizuna Generic Variety 10/01/2019 ,"Ramim,Ra.1,Block L1,Beds 112",,,,,,,,,,,,,,,,,,,,0.0,0.0,Yes,
01/01/2019,28/03/2019,Transplant,Transplant,Garden Admin,Dill Generic Variety 27/11/2018 ,"Ramim,Ra.1,Block L1,Beds 116,118",,,,,,,,,,,,,,,,,,,,0.0,0.0,Yes,
13/11/2019,13/11/2019,Transplant,Transplant,Nimrod Wald,Lettuce מסולסלת מעורב 13/11/2019 ,"Ramim,Ra.1,Block L1,Beds 116",,,,,,,0,,,,,,,,,,,,,0.0,0.0,Yes,
29/04/2019,30/04/2019,Transplant,Transplant,Garden Admin,Eggplant Little Sailor 17/01/2019 ,"Ramim,Ra.1,Block L1,Beds 116",,,,,,,,,,,,,,,,,,,,0.0,0.0,Yes,
11/04/2019,15/04/2019,1st potting up,Potting up,Nimrod Wald,Eggplant Little Sailor 17/01/2019 ,"Ramim,Ra.1,Block L1,Beds 116",,,,,,,,,,,,,,,,,,,,0.0,0.0,Yes,
17/01/2019,31/03/2019,Greenhouse Sow,Greenhouse Sow,Garden Admin,Eggplant Little Sailor 17/01/2019 ,"Ramim,Ra.1,Block L1,Beds 116",,,,,,,,,,,,,,,,,,,,0.0,0.0,Yes,
01/01/2019,30/03/2019,Transplant,Transplant,Garden Admin,Lettuce מסולסלת מעורב 01/12/2018 ,"Ramim,Ra.1,Block L1,Beds 116",,,,,,,,,,,,,,,,,,,,0.0,0.0,Yes,
13/11/2019,13/11/2019,Transplant,Transplant,Nimrod Wald,Lettuce ערבית - רם שחר 13/11/2019 ,"Ramim,Ra.1,Block L1,Beds 117",,,,,,,,,,,,,,,,,,,,0.0,0.0,Yes,
25/02/2019,30/03/2019,Transplant,Transplant,Garden Admin,Eggplant Meatball 25/02/2019 ,"Ramim,Ra.1,Block L1,Beds 117",,,,,,,,,,,,,,,,,,,,0.0,0.0,Yes,
17/10/2019,19/10/2019,Transplant,Transplant,Nimrod Wald,Lettuce ערבית - רם שחר 17/10/2019 ,"Ramim,Ra.1,Block L1,Beds 118",,,,,,,,,,,,,,,,,,,,0.0,0.0,Yes,
07/10/2019,07/10/2019,Transplant,Transplant,Garden Admin,Onions: Scallions Generic Variety 01/08/2019 ,"Ramim,Ra.1,Block L1,Beds 118",,,,,,,0,,,,,,,,,,,,,0.0,0.0,Yes,
08/08/2019,08/08/2019,Direct Sow,Direct Sow,Nimrod Wald,Radishes French Breakfast 08/08/2019 ,"Ramim,Ra.1,Block L1,Beds 118",,,,,,,0,,,,,,,,,,,,,0.0,0.0,Yes,
07/08/2019,08/08/2019,Transplant,Transplant,Garden Admin,Onions: Scallions Generic Variety 12/06/2019 ,"Ramim,Ra.1,Block L1,Beds 118",,,,,,,0,,,,,,,,,,,,,0.0,0.0,Yes,
07/08/2019,31/07/2019,Transplant,Transplant,Garden Admin,Cilantro Santirini - נטע 20/06/2019 ,"Ramim,Ra.1,Block L1,Beds 118",,,,,,,0,,,,,,,,,,,,,0.0,0.0,Yes,
01/08/2019,01/08/2019,Greenhouse Sow,Greenhouse Sow,Garden Admin,Onions: Scallions Generic Variety 01/08/2019 ,"Ramim,Ra.1,Block L1,Beds 118",,,,,,,,,,,,,,,,,,,,0.0,0.0,Yes,
20/06/2019,20/06/2019,Greenhouse Sow,Greenhouse Sow,Garden Admin,Cilantro Santirini - נטע 20/06/2019 ,"Ramim,Ra.1,Block L1,Beds 118",,,,,,,,,,,,,,,,,,,,0.0,0.0,Yes,
12/06/2019,12/06/2019,Greenhouse Sow,Greenhouse Sow,Garden Admin,Onions: Scallions Generic Variety 12/06/2019 ,"Ramim,Ra.1,Block L1,Beds 118",,,,,,,0,,,,,,,,,,,,,0.0,0.0,Yes,
16/05/2019,15/05/2019,Direct Sow,Direct Sow,Garden Admin,Mizuna Generic Variety 16/05/2019 ,"Ramim,Ra.1,Block L1,Beds 118",,,,,,,0,,,,,,,,,,,,,0.0,0.0,Yes,
15/05/2019,15/05/2019,Direct Sow,Direct Sow,Garden Admin,Tatsoi Generic Variety 15/05/2019 ,"Ramim,Ra.1,Block L1,Beds 118",,,,,,,0,,,,,,,,,,,,,0.0,0.0,Yes,
15/05/2019,15/05/2019,,Transplant,Nimrod Wald,Lettuce Firecracker 15/05/2019 ,"Ramim,Ra.1,Block L1,Beds 118",,,,,,,0,,,,,,,,,,,,,0.0,0.0,Yes,
06/05/2019,07/05/2019,Transplant,Transplant,Garden Admin,Eggplant Meatball 15/04/2019 ,"Ramim,Ra.1,Block L1,Beds 119",,,,,,,0,,,,,,,,,,,,,0.0,0.0,Yes,
15/04/2019,10/04/2019,1st potting up,Potting up,Nimrod Wald,Eggplant Meatball 15/04/2019 ,"Ramim,Ra.1,Block L1,Beds 119",,,,,,,0,,,,,,,,,,,,,0.0,0.0,Yes,
05/02/2019,30/03/2019,Transplant,Transplant,Garden Admin,Cilantro Santirini - נטע 13/12/2018 ,"Ramim,Ra.1,Block L1,Beds 119",,,,,,,,,,,,,,,,,,,,0.0,0.0,Yes,
27/11/2019,27/11/2019,Transplant,Transplant,Nimrod Wald,Cilantro Generic Variety 27/11/2019 ,"Ramim,Ra.1,Block L2,Beds 121",,,,,,,0,,,,,,,,,,,,,0.0,0.0,Yes,
19/06/2019,17/06/2019,Transplant,Transplant,Nimrod Wald,Peppers Cornito Rosso 05/06/2019 ,"Ramim,Ra.1,Block L2,Beds 121",,,,,,,0,,,,,,,,,,,,,0.0,0.0,Yes,
05/06/2019,27/05/2019,1st potting up,Potting up,Nimrod Wald,Peppers Cornito Rosso 05/06/2019 ,"Ramim,Ra.1,Block L2,Beds 121",,,,,,,0,,,,,,,,,,,,,0.0,0.0,Yes,
10/04/2019,10/04/2019,Transplant,Transplant,Garden Admin,Lettuce Generic Variety 18/02/2019 ,"Ramim,Ra.1,Block L2,Beds 121",,,,,,,0,,,,,,,,,,,,,0.0,0.0,Yes,
18/02/2019,31/03/2019,Greenhouse Sow,Greenhouse Sow,Garden Admin,Lettuce Generic Variety 18/02/2019 ,"Ramim,Ra.1,Block L2,Beds 121",,,,,,,,,,,,,,,,,,,,0.0,0.0,Yes,
06/05/2019,08/05/2019,Transplant,Transplant,Nimrod Wald,Onions: Scallions Generic Variety 06/05/2019 ,"Ramim,Ra.1,Block L2,Beds 122",,,,,,,0,,,,,,,,,,,,,0.0,0.0,Yes,
11/04/2019,15/04/2019,Transplant,Transplant,Garden Admin,Parsley Green Perle - מסולסלת 17/01/2019 ,"Ramim,Ra.1,Block L2,Beds 122",,,,,,,0,,,,,,,,,,,,,0.0,0.0,Yes,
17/01/2019,31/03/2019,Greenhouse Sow,Greenhouse Sow,Garden Admin,Parsley Green Perle - מסולסלת 17/01/2019 ,"Ramim,Ra.1,Block L2,Beds 122",,,,,,,,,,,,,,,,,,,,0.0,0.0,Yes,
17/10/2019,17/10/2019,Transplant,Transplant,Garden Admin,Dill Generic Variety 23/09/2019 ,"Ramim,Ra.1,Block L2,Beds 123",,,,,,,,,,,,,,,,,,,,0.0,0.0,Yes,
23/09/2019,09/10/2019,Greenhouse Sow,Greenhouse Sow,Garden Admin,Dill Generic Variety 23/09/2019 ,"Ramim,Ra.1,Block L2,Beds 123",,,,,,,0,,,,,,,,,,,,,0.0,0.0,Yes,
24/06/2019,11/06/2019,Transplant,Transplant,Nimrod Wald,Tomatoes Red Pearl 24/06/2019 ,"Ramim,Ra.1,Block L2,Beds 123",,,,,,,0,,,,,,,,,,,,,0.0,0.0,Yes,
13/02/2019,30/03/2019,Transplant,Transplant,Garden Admin,Lettuce Generic Variety 18/12/2018 ,"Ramim,Ra.1,Block L2,Beds 123",,,,,,,,,,,,,,,,,,,,0.0,0.0,Yes,
18/11/2019,18/11/2019,Transplant,Transplant,Nimrod Wald,Onions: Scallions Red Bunching 19/10/2019 ,"Ramim,Ra.1,Block L2,Beds 124",,,,,,,,,,,,,,,,,,,,0.0,0.0,Yes,
18/11/2019,18/11/2019,Transplant,Transplant,Nimrod Wald,Onions: Scallions Generic Variety 18/11/2019 ,"Ramim,Ra.1,Block L2,Beds 124",,,,,,,0,,,,,,,,,,,,,0.0,0.0,Yes,
18/11/2019,18/11/2019,Transplant,Transplant,Nimrod Wald,Dill אמליה 18/11/2019 ,"Ramim,Ra.1,Block L2,Beds 124",,,,,,,0,,,,,,,,,,,,,0.0,0.0,Yes,
19/10/2019,20/10/2019,Greenhouse Sow,Greenhouse Sow,Nimrod Wald,Onions: Scallions Red Bunching 19/10/2019 ,"Ramim,Ra.1,Block L2,Beds 124",,,,,,,,,,,,,,,,,,,,0.0,0.0,Yes,
06/05/2019,07/05/2019,Transplant,Transplant,Garden Admin,Peppers Cornito Rosso 08/04/2019 ,"Ramim,Ra.1,Block L2,Beds 124",,,,,,,,,,,,,,,,,,,,0.0,0.0,Yes,
08/04/2019,21/04/2019,1st potting up,Potting up,Nimrod Wald,Peppers Cornito Rosso 08/04/2019 ,"Ramim,Ra.1,Block L2,Beds 124",,,,,,,,,,,,,,,,,,,,0.0,0.0,Yes,
14/11/2019,14/11/2019,Transplant,Transplant,Nimrod Wald,Spinach Generic Variety 14/11/2019 ,"Ramim,Ra.1,Block L2,Beds 128",,,,,,,,,,,,,,,,,,,,0.0,0.0,Yes,
20/10/2019,20/10/2019,Direct Sow,Direct Sow,Nimrod Wald,Spinach Generic Variety 20/10/2019 ,"Ramim,Ra.1,Block L2,Beds 128",,,,,,,0,,,,,,,,,,,,,0.0,0.0,Yes,
12/06/2019,12/06/2019,Transplant,Transplant,Garden Admin,Okra Generic Variety 22/05/2019 ,"Ramim,Ra.1,Block L2,Beds 128",,,,,,,0,,,,,,,,,,,,,0.0,0.0,Yes,
22/05/2019,04/05/2019,Greenhouse Sow,Greenhouse Sow,Garden Admin,Okra Generic Variety 22/05/2019 ,"Ramim,Ra.1,Block L2,Beds 128",,,,,,,,,,,,,,,,,,,,0.0,0.0,Yes,
13/03/2019,30/03/2019,Direct Sow,Direct Sow,Garden Admin,Parsley Root Generic Variety 13/03/2019 ,"Ramim,Ra.1,Block L2,Beds 128",,,,,,,,,,,,,,,,,,,,0.0,0.0,Yes,
06/02/2019,30/03/2019,Direct Sow,Direct Sow,Garden Admin,Parsley Root Generic Variety 06/02/2019 ,"Ramim,Ra.1,Block L2,Beds 128",,,,,,,,,,,,,,,,,,,,0.0,0.0,Yes,
07/11/2019,07/11/2019,Transplant,Transplant,Nimrod Wald,Parsley Green Perle - מסולסלת 08/10/2019 ,"Ramim,Ra.1,Block L2,Beds 129",,,,,,,0,,,,,,,,,,,,,0.0,0.0,Yes,
08/10/2019,09/10/2019,Greenhouse Sow,Greenhouse Sow,Nimrod Wald,Parsley Green Perle - מסולסלת 08/10/2019 ,"Ramim,Ra.1,Block L2,Beds 129",,,,,,,0,,,,,,,,,,,,,0.0,0.0,Yes,
12/06/2019,12/06/2019,Transplant,Transplant,Garden Admin,Jicama Generic Variety 08/05/2019 ,"Ramim,Ra.1,Block L2,Beds 129",,,,,,,0,,,,,,,,,,,,,0.0,0.0,Yes,
08/05/2019,08/05/2019,Greenhouse Sow,Greenhouse Sow,Nimrod Wald,Jicama Generic Variety 08/05/2019 ,"Ramim,Ra.1,Block L2,Beds 129",,,,,,,0,,,,,,,,,,,,,0.0,0.0,Yes,
20/03/2019,02/04/2019,,Transplant,Garden Admin,Fennel Generic Variety 20/03/2019 ,"Ramim,Ra.1,Block L2,Beds 129",,,,,,,,,,,,,,,,,,,,0.0,0.0,Yes,
13/11/2019,13/11/2019,Direct Sow,Direct Sow,Nimrod Wald,Sorrel Red Veined 13/11/2019 ,"Ramim,Ra.2,Block C6m,Beds 201",,,,,,,0,,,20ג,,,,,,,,,,0.0,0.0,Yes,
20/10/2019,20/10/2019,Direct Sow,Direct Sow,Nimrod Wald,Parsley Generic Variety 20/10/2019 ,"Ramim,Ra.2,Block C6m,Beds 201",,,,,,,0,,,,,,,,,,,,,0.0,0.0,Yes,
10/07/2019,10/07/2019,Direct Sow,Direct Sow,Nimrod Wald,Lettuce: Salad Mix Mesclun Mix 10/07/2019 ,"Ramim,Ra.2,Block C6m,Beds 201",,,,,,,,,,,,,,,,,,,,0.0,0.0,Yes,
04/06/2019,05/06/2019,Direct Sow,Direct Sow,Nimrod Wald,Beets MIX עלי ביבי 04/06/2019 ,"Ramim,Ra.2,Block C6m,Beds 201",,,,,,,,,,,,,,,,,,,,0.0,0.0,Yes,
20/02/2019,30/03/2019,Transplant,Transplant,Garden Admin,Dill Generic Variety 31/12/2018 ,"Ramim,Ra.2,Block C6m,Beds 201",,,,,,,,,,,,,,,,,,,,0.0,0.0,Yes,
20/02/2019,30/03/2019,Transplant,Transplant,Garden Admin,Onions: Scallions Generic Variety 20/02/2019 ,"Ramim,Ra.2,Block C6m,Beds 201",,,,,,,,,,,,,,,,,,,,0.0,0.0,Yes,
13/11/2019,13/11/2019,Direct Sow,Direct Sow,Nimrod Wald,Radishes Daikon Long 13/11/2019 ,"Ramim,Ra.2,Block C6m,Beds 202",,,,,,,0,,,,,,,,,,,,,0.0,0.0,Yes,
10/07/2019,10/07/2019,Direct Sow,Direct Sow,Garden Admin,"Lettuce: Salad Mix מיקס שלנו, דמוי בן שחר 10/07/2019 ","Ramim,Ra.2,Block C6m,Beds 202",,,,,,,0,,,,,,,,,,,,,0.0,0.0,Yes,
13/11/2019,13/11/2019,Direct Sow,Direct Sow,Nimrod Wald,Radishes נטע אדומה 13/11/2019 ,"Ramim,Ra.2,Block C6m,Beds 204",,,,,,,0,,,,,,,,,,,,,0.0,0.0,Yes,
20/10/2019,20/10/2019,Direct Sow,Direct Sow,Nimrod Wald,Radishes נטע אדומה 20/10/2019 ,"Ramim,Ra.2,Block C6m,Beds 204",,,,,,,0,,,,,,,,,,,,,0.0,0.0,Yes,
13/03/2019,30/03/2019,Transplant,Transplant,Garden Admin,Parsley Green Perle - מסולסלת 13/12/2018 ,"Ramim,Ra.2,Block C6m,Beds 204",,,,,,,,,,,,,,,,,,,,0.0,0.0,Yes,
26/08/2019,26/08/2019,Transplant,Transplant,Nimrod Wald,Basil יווני קטן 01/08/2019 ,"Ramim,Ra.2,Block C6m,Beds 205",,,,,,,0,,,,,,,,,,,,,0.0,0.0,Yes,
01/08/2019,02/08/2019,Greenhouse Sow,Greenhouse Sow,Nimrod Wald,Basil יווני קטן 01/08/2019 ,"Ramim,Ra.2,Block C6m,Beds 205",,,,,,,,,,,,,,,,,,,,0.0,0.0,Yes,
12/06/2019,12/06/2019,Transplant,Transplant,Garden Admin,Cilantro Santirini - נטע 02/05/2019 ,"Ramim,Ra.2,Block C6m,Beds 205",,,,,,,0,,,,,,,,,,,,,0.0,0.0,Yes,
02/05/2019,04/05/2019,Greenhouse Sow,Greenhouse Sow,Garden Admin,Cilantro Santirini - נטע 02/05/2019 ,"Ramim,Ra.2,Block C6m,Beds 205",,,,,,,,,,,,,,,,,,,,0.0,0.0,Yes,
23/09/2019,05/10/2019,Transplant,Transplant,Nimrod Wald,Chives Generic Variety 25/07/2019 ,"Ramim,Ra.2,Block C6m,Beds 206",,,,,,,0,,,,,,,,,,,,,0.0,0.0,Yes,
25/07/2019,31/07/2019,Greenhouse Sow,Greenhouse Sow,Nimrod Wald,Chives Generic Variety 25/07/2019 ,"Ramim,Ra.2,Block C6m,Beds 206",,,,,,,0,,,,,,,,,,,,,0.0,0.0,Yes,
26/06/2019,26/06/2019,Transplant,Transplant,Nimrod Wald,Onions: Scallions Generic Variety 26/06/2019 ,"Ramim,Ra.2,Block C6m,Beds 206",,,,,,,0,,,,,,,,,,,,,0.0,0.0,Yes,
29/05/2019,29/05/2019,Direct Sow,Direct Sow,Yaniv Bocian,Radishes French Breakfast 29/05/2019 ,"Ramim,Ra.2,Block C6m,Beds 206",,,,,,,0,,,,,,,,,,,,,0.0,0.0,Yes,
29/05/2019,29/05/2019,Transplant,Transplant,Garden Admin,Onions: Scallions Generic Variety 15/04/2019 ,"Ramim,Ra.2,Block C6m,Beds 206",,,,,,,,,,,,,,,,,,,,0.0,0.0,Yes,
15/04/2019,15/04/2019,Greenhouse Sow,Greenhouse Sow,Garden Admin,Onions: Scallions Generic Variety 15/04/2019 ,"Ramim,Ra.2,Block C6m,Beds 206",,,,,,,,,,,,,,,,,,,,0.0,0.0,Yes,
03/04/2019,03/04/2019,Direct Sow,Direct Sow,Nimrod Wald,Radishes Daikon Long 03/04/2019 ,"Ramim,Ra.2,Block C6m,Beds 206",,,,,,,,,,,,,,,,,,,,0.0,0.0,Yes,
19/02/2019,30/03/2019,Direct Sow,Direct Sow,Garden Admin,Mizuna Generic Variety 19/02/2019 ,"Ramim,Ra.2,Block C6m,Beds 206",,,,,,,,,,,,,,,,,,,,0.0,0.0,Yes,
20/10/2019,20/10/2019,Transplant,Transplant,Nimrod Wald,Pac Choi (Bok Choy) Generic Variety 23/09/2019 ,"Ramim,Ra.2,Block C6m,Beds 207",,,,,,,0,,,,,,,,,,,,,0.0,0.0,Yes,
23/09/2019,09/10/2019,Greenhouse Sow,Greenhouse Sow,Nimrod Wald,Pac Choi (Bok Choy) Generic Variety 23/09/2019 ,"Ramim,Ra.2,Block C6m,Beds 207",,,,,,,0,,,,,,,,,,,,,0.0,0.0,Yes,
26/06/2019,26/06/2019,Transplant,Transplant,Garden Admin,Parsley Generic Variety 01/05/2019 ,"Ramim,Ra.2,Block C6m,Beds 207",,,,,,,,,,,,,,,,,,,,0.0,0.0,Yes,
01/05/2019,04/05/2019,Greenhouse Sow,Greenhouse Sow,Garden Admin,Parsley Generic Variety 01/05/2019 ,"Ramim,Ra.2,Block C6m,Beds 207",,,,,,,,,,,,,,,,,,,,0.0,0.0,Yes,
10/04/2019,10/04/2019,Direct Sow,Direct Sow,Garden Admin,Kale Red Russian 10/04/2019 ,"Ramim,Ra.2,Block C6m,Beds 207",,,,,,,0,,,,,,,,,,,,,0.0,0.0,Yes,
10/04/2019,10/04/2019,Direct Sow,Direct Sow,Garden Admin,Mustard Red Giant 10/04/2019 ,"Ramim,Ra.2,Block C6m,Beds 207",,,,,,,0,,,,,,,,,,,,,0.0,0.0,Yes,
16/12/2019,16/12/2019,Transplant,Transplant,Nimrod Wald,Lettuce מסולסלת מעורב 06/11/2019 ,"Ramim,Ra.2,Block C1,Beds 211",,,,,,,0,,,,,,,,,,,,,0.0,0.0,Yes,
06/11/2019,06/11/2019,Greenhouse Sow,Greenhouse Sow,Nimrod Wald,Lettuce מסולסלת מעורב 06/11/2019 ,"Ramim,Ra.2,Block C1,Beds 211",,,,,,,0,,,,,,,,,,,,,0.0,0.0,Yes,
07/10/2019,07/10/2019,Transplant,Transplant,Nimrod Wald,Lettuce ערבית - רם שחר 07/10/2019 ,"Ramim,Ra.2,Block C1,Beds 211",,,,,,,,,,,,,,,,,,,,0.0,0.0,Yes,
27/03/2019,30/03/2019,Transplant,Transplant,Garden Admin,Tomatoes Galila - מסיימת 27/03/2019 ,"Ramim,Ra.2,Block C1,Beds 211",,,,,,,,,,,,,,,,,,,,0.0,0.0,Yes,
23/12/2019,31/12/2019,Transplant,Transplant,Nimrod Wald,Cabbage Savoy Blue 20/10/2019 ,"Ramim,Ra.2,Block C2,Beds 217",,,,,,,,,,,,,,,,,,,,0.0,0.0,Yes,
20/10/2019,08/12/2019,Greenhouse Sow,Greenhouse Sow,Nimrod Wald,Cabbage Savoy Blue 20/10/2019 ,"Ramim,Ra.2,Block C2,Beds 217",,,,,,,,,,,,,,,,,,,,0.0,0.0,Yes,
10/10/2019,10/10/2019,Transplant,Transplant,Nimrod Wald,Kohlrabi קרף - נטע 26/08/2019 ,"Ramim,Ra.2,Block C2,Beds 217",,,,,,,0,,,,,,,,,,,,,0.0,0.0,Yes,
26/08/2019,26/08/2019,Greenhouse Sow,Greenhouse Sow,Nimrod Wald,Kohlrabi קרף - נטע 26/08/2019 ,"Ramim,Ra.2,Block C2,Beds 217",,,,,,,0,,,,,,,,,,,,,0.0,0.0,Yes,
10/10/2019,10/10/2019,Transplant,Transplant,Nimrod Wald,Fennel Generic Variety 09/09/2019 ,"Ramim,Ra.2,Block C2,Beds 218",,,,,,,,,,,,,,,,,,,,0.0,0.0,Yes,
09/09/2019,11/09/2019,Greenhouse Sow,Greenhouse Sow,Nimrod Wald,Fennel Generic Variety 09/09/2019 ,"Ramim,Ra.2,Block C2,Beds 218",,,,,,,,,,,,,,,,,,,,0.0,0.0,Yes,
26/06/2019,26/06/2019,Transplant,Transplant,Garden Admin,Tomatoes Red Pearl 07/06/2019 ,"Ramim,Ra.2,Block C2,Beds 218",,,,,,,0,,,,,,,,,,,,,0.0,0.0,Yes,
07/06/2019,05/06/2019,1st potting up,Potting up,Nimrod Wald,Tomatoes Red Pearl 07/06/2019 ,"Ramim,Ra.2,Block C2,Beds 218",,,,,,,0,,,,,,,,,,,,,0.0,0.0,Yes,
13/03/2019,30/03/2019,Direct Sow,Direct Sow,Garden Admin,Radishes French Breakfast 13/03/2019 ,"Ramim,Ra.2,Block C2,Beds 218",,,,,,,,,,,,,,,,,,,,0.0,0.0,Yes,
13/03/2019,08/05/2019,Direct Sow,Direct Sow,Nimrod Wald,Radishes Nero Tondo 13/03/2019 ,"Ramim,Ra.2,Block C2,Beds 218",,,,,,,,,,,,,,,,,,,,0.0,0.0,Yes,
21/02/2019,30/03/2019,Transplant,Transplant,Garden Admin,Kohlrabi Generic Variety 08/01/2019 ,"Ramim,Ra.2,Block C2,Beds 218",,,,,,,,,,,,,,,,,,,,0.0,0.0,Yes,
08/01/2019,30/03/2019,Greenhouse Sow,Greenhouse Sow,Garden Admin,Kohlrabi Generic Variety 08/01/2019 ,"Ramim,Ra.2,Block C2,Beds 218",,,,,,,,,,,,,,,,,,,,0.0,0.0,Yes,
28/10/2019,28/10/2019,Direct Sow,Direct Sow,Nimrod Wald,Carrots Nantes Half Long 28/10/2019 ,"Ramim,Ra.2,Block C2,Beds 219",,,,,,,0,,,,,,,,,,,,,0.0,0.0,Yes,
25/04/2019,25/04/2019,Transplant,Transplant,Garden Admin,Tomatoes Whitny - וויטני 04/04/2019 ,"Ramim,Ra.2,Block C2,Beds 219",,,,,,,0,,,,,,,,,,,,,0.0,0.0,Yes,
04/04/2019,03/04/2019,1st potting up,Potting up,Garden Admin,Tomatoes Whitny - וויטני 04/04/2019 ,"Ramim,Ra.2,Block C2,Beds 219",,,,,,,0,,,,,,,,,,,,,0.0,0.0,Yes,
13/03/2019,30/03/2019,Transplant,Transplant,Garden Admin,Lettuce מסולסלת מעורב 13/03/2019 ,"Ramim,Ra.2,Block C2,Beds 219",,,,,,,,,,,,,,,,,,,,0.0,0.0,Yes,
19/02/2019,30/03/2019,Direct Sow,Direct Sow,Garden Admin,New Zealand Spinach Generic Variety 19/02/2019 ,"Ramim,Ra.2,Block C2,Beds 220",,,,,,,,,,,,,,,,,,,,0.0,0.0,Yes,
16/09/2019,16/09/2019,Direct Sow,Direct Sow,Nimrod Wald,Carrots Nantes Half Long 16/09/2019 ,"Ramim,Ra.2,Block C2,Beds 224",,,,,,,0,,,3 גרם זרעים,,,,,,,,,,0.0,0.0,Yes,
25/04/2019,25/04/2019,Transplant,Transplant,Garden Admin,Cucumbers Facus - פאקוס 03/04/2019 ,"Ramim,Ra.2,Block C2,Beds 224",,,,,,,,,,,,,,,,,,,,0.0,0.0,Yes,
03/04/2019,03/04/2019,Greenhouse Sow,Greenhouse Sow,Garden Admin,Cucumbers Facus - פאקוס 03/04/2019 ,"Ramim,Ra.2,Block C2,Beds 224",,,,,,,0,,,,,,,,,,,,,0.0,0.0,Yes,
27/11/2019,27/11/2019,Direct Sow,Direct Sow,Nimrod Wald,Carrots Purple Haze 27/11/2019 ,"Ramim,Ra.2,Block C2,Beds 226",,,,,,,,,,,,,,,,,,,,0.0,0.0,Yes,
27/11/2019,27/11/2019,Direct Sow,Direct Sow,Nimrod Wald,Carrots Parisian 27/11/2019 ,"Ramim,Ra.2,Block C2,Beds 226",,,,,,,,,,,,,,,,,,,,0.0,0.0,Yes,
08/05/2019,08/05/2019,Transplant,Transplant,Garden Admin,Tomatoes Red Pear 20/02/2019 ,"Ramim,Ra.2,Block C2,Beds 226",,,,,,,0,,,,,,,,,,,,,0.0,0.0,Yes,
18/04/2019,21/04/2019,1st potting up,Potting up,Garden Admin,Tomatoes Red Pear 20/02/2019 ,"Ramim,Ra.2,Block C2,Beds 226",,,,,,,0,,,,,,,,,,,,,0.0,0.0,Yes,
20/02/2019,31/03/2019,Greenhouse Sow,Greenhouse Sow,Garden Admin,Tomatoes Red Pear 20/02/2019 ,"Ramim,Ra.2,Block C2,Beds 226",,,,,,,,,,,,,,,,,,,,0.0,0.0,Yes,
08/07/2019,08/07/2019,Direct Sow,Direct Sow,Garden Admin,Beans: Bush & Pole שחורה אדונית התבלינים 08/07/2019 ,"Ramim,Ra.2,Block C2,Beds 228",,,,,,,0,,,,,,,,,,,,,0.0,0.0,Yes,
27/03/2019,30/03/2019,Direct Sow,Direct Sow,Garden Admin,Soybeans Generic Variety 27/03/2019 ,"Ramim,Ra.2,Block C2,Beds 228",,,,,,,,,,,,,,,,,,,,0.0,0.0,Yes,
04/12/2019,04/12/2019,Direct Sow,Direct Sow,Nimrod Wald,Parsley Root Generic Variety 04/12/2019 ,"Ramim,Ra.3,Block R6m,Beds 301",,,,,,,0,,,,,,,,,,,,,0.0,0.0,Yes,
25/04/2019,25/04/2019,Transplant,Transplant,Garden Admin,Dill Generic Variety 20/03/2019 ,"Ramim,Ra.3,Block R6m,Beds 301",,,,,,,0,,,,,,,,,,,,,0.0,0.0,Yes,
20/03/2019,31/03/2019,Greenhouse Sow,Greenhouse Sow,Garden Admin,Dill Generic Variety 20/03/2019 ,"Ramim,Ra.3,Block R6m,Beds 301",,,,,,,,,,,,,,,,,,,,0.0,0.0,Yes,
04/12/2019,04/12/2019,Direct Sow,Direct Sow,Nimrod Wald,Turnips lodigiana לבן שטוח 04/12/2019 ,"Ramim,Ra.3,Block R6m,Beds 302",,,,,,,0,,,חצי לבן חצי סגול-לבן,,,,,,,,,,0.0,0.0,Yes,
10/04/2019,10/04/2019,Direct Sow,Direct Sow,Garden Admin,Parsley Root Generic Variety 10/04/2019 ,"Ramim,Ra.3,Block R6m,Beds 302",,,,קו המטרה,,,0,,,,,,,,,,,,,0.0,0.0,Yes,
16/09/2019,15/10/2019,Direct Sow,Direct Sow,Nimrod Wald,Spinach Generic Variety 16/09/2019 ,"Ramim,Ra.1,Block L2,Beds 126",,,,,,,,,,,,,,,,,,,,0.0,0.0,Yes,
03/06/2019,03/06/2019,Direct Sow,Direct Sow,Garden Admin,Lettuce: Salad Mix Generic Variety 03/06/2019 ,"Ramim,Ra.1,Block L2,Beds 126",,,,,,,0,,,,,,,,,,,,,0.0,0.0,Yes,
03/06/2019,03/06/2019,Direct Sow,Direct Sow,Garden Admin,"Lettuce: Salad Mix מיקס שלנו, דמוי בן שחר 03/06/2019 ","Ramim,Ra.1,Block L2,Beds 126",,,,,,,0,,,,,,,,,,,,,0.0,0.0,Yes,
27/03/2019,30/03/2019,Transplant,Transplant,Garden Admin,Pac Choi (Bok Choy) Generic Variety 18/02/2019 ,"Ramim,Ra.1,Block L2,Beds 126",,,,,,,,,,,,,,,,,,,,0.0,0.0,Yes,
27/03/2019,02/04/2019,,Transplant,Garden Admin,Lettuce Generic Variety 20/01/2019 ,"Ramim,Ra.1,Block L2,Beds 126",,,,,,,,,,,,,,,,,,,,0.0,0.0,Yes,
18/02/2019,30/03/2019,Greenhouse Sow,Greenhouse Sow,Garden Admin,Pac Choi (Bok Choy) Generic Variety 18/02/2019 ,"Ramim,Ra.1,Block L2,Beds 126",,,,,,,,,,,,,,,,,,,,0.0,0.0,Yes,
20/01/2019,31/03/2019,Greenhouse Sow,Greenhouse Sow,Garden Admin,Lettuce Generic Variety 20/01/2019 ,"Ramim,Ra.1,Block L2,Beds 126",,,,,,,,,,,,,,,,,,,,0.0,0.0,Yes,
19/09/2019,23/09/2019,Transplant,Transplant,Nimrod Wald,Cabbage Generic Variety 15/08/2019 ,"Ramim,Ra.3,Block R6m,Beds 304",,,,,,,0,,,,,,,,,,,,,0.0,0.0,Yes,
15/08/2019,20/08/2019,Greenhouse Sow,Greenhouse Sow,Nimrod Wald,Cabbage Generic Variety 15/08/2019 ,"Ramim,Ra.3,Block R6m,Beds 304",,,,,,,,,,,,,,,,,,,,0.0,0.0,Yes,
30/09/2019,04/10/2019,Transplant,Transplant,Nimrod Wald,Celery Generic Variety 30/09/2019 ,"Ramim,Ra.3,Block R1,Beds 307",,,,,,,0,,,,,,,,,,,,,0.0,0.0,Yes,
04/09/2019,04/09/2019,Transplant,Transplant,Nimrod Wald,Cabbage ירוק 04/09/2019 ,"Ramim,Ra.3,Block R1,Beds 309",,,,,,,0,,,,,,,,,,,,,0.0,0.0,Yes,
13/03/2019,30/03/2019,Transplant,Transplant,Garden Admin,Winter Squash Table Queen 13/03/2019 ,"Ramim,Ra.3,Block R1,Beds 309",,,,,,,,,,,,,,,,,,,,0.0,0.0,Yes,
19/09/2019,23/09/2019,Transplant,Transplant,Nimrod Wald,Broccoli עידן - לבדוק 19/09/2019 ,"Ramim,Ra.3,Block R1,Beds 311",,,,,,,,,,,,,,,,,,,,0.0,0.0,Yes,
17/04/2019,26/04/2019,Direct Sow,Direct Sow,Nimrod Wald,Beans: Bush & Pole Dwarf bean wonder of Piedmont 17/04/2019 ,"Ramim,Ra.3,Block R1,Beds 311",,,,,,,,,,,,,,,,,,,,0.0,0.0,Yes,
13/03/2019,30/03/2019,Direct Sow,Direct Sow,Garden Admin,Corn Vanila 13/03/2019 ,"Ramim,Ra.3,Block R1,Beds 311",,,,,,,,,,,,,,,,,,,,0.0,0.0,Yes,
03/04/2019,03/04/2019,Transplant,Transplant,Nimrod Wald,Gourds Generic Variety 24/02/2019 ,"Ramim,Ra.3,Block R1,Beds 312",,,,,,,,,,,,,,,,,,,,0.0,0.0,Yes,
24/02/2019,03/04/2019,Greenhouse Sow,Greenhouse Sow,Nimrod Wald,Gourds Generic Variety 24/02/2019 ,"Ramim,Ra.3,Block R1,Beds 312",,,,,,,,,,,,,,,,,,,,0.0,0.0,Yes,
21/02/2019,30/03/2019,Direct Sow,Direct Sow,Garden Admin,Corn Vanila 21/02/2019 ,"Ramim,Ra.3,Block R1,Beds 312",,,,,,,,,,,,,,,,,,,,0.0,0.0,Yes,
17/10/2019,05/01/2020,Transplant,Transplant,Nimrod Wald,Cabbage ירוק 17/10/2019 ,"Ramim,Ra.3,Block R1,Beds 314",,,,,,,,,,,,,,,,,,,,0.0,0.0,Yes,
08/05/2019,08/05/2019,Transplant,Transplant,Nimrod Wald,Cucumbers Facus - פאקוס 15/04/2019 ,"Ramim,Ra.3,Block R1,Beds 314",,,,,,,,,,,,,,,,,,,,0.0,0.0,Yes,
15/04/2019,29/04/2019,Greenhouse Sow,Greenhouse Sow,Nimrod Wald,Cucumbers Facus - פאקוס 15/04/2019 ,"Ramim,Ra.3,Block R1,Beds 314",,,,,,,,,,,,,,,,,,,,0.0,0.0,Yes,
17/10/2019,17/10/2019,Transplant from Purchased,Transplant,Nimrod Wald,Broccoli Generic Variety 17/10/2019 ,"Ramim,Ra.3,Block R1,Beds 315",,,,,,,0,,,,,,,,,,,,,0.0,0.0,Yes,
27/03/2019,30/03/2019,Transplant,Transplant,Garden Admin,Summer Squash Goldy 20/02/2019 ,"Ramim,Ra.3,Block R1,Beds 315",,,,,,,,,,,,,,,,,,,,0.0,0.0,Yes,
20/02/2019,30/03/2019,Greenhouse Sow,Greenhouse Sow,Garden Admin,Summer Squash Goldy 20/02/2019 ,"Ramim,Ra.3,Block R1,Beds 315",,,,,,,,,,,,,,,,,,,,0.0,0.0,Yes,
10/10/2019,10/10/2019,Transplant,Transplant,Nimrod Wald,Chard Fordhook Giant 10/10/2019 ,"Ramim,Ra.3,Block R1,Beds 316",,,,,,,0,,,,,,,,,,,,,0.0,0.0,Yes,
24/01/2019,30/03/2019,Transplant,Transplant,Garden Admin,Lettuce מסולסלת מעורב 24/01/2019 ,"Ramim,Ra.3,Block R1,Beds 316",,,,,,,,,,,,,,,,,,,,0.0,0.0,Yes,
18/11/2019,18/11/2019,Transplant,Transplant,Nimrod Wald,Chard Bright Lights 20/10/2019 ,"Ramim,Ra.3,Block R2,Beds 317",,,,,,,,,,,,,,,,,,,,0.0,0.0,Yes,
20/10/2019,20/10/2019,Greenhouse Sow,Greenhouse Sow,Nimrod Wald,Chard Bright Lights 20/10/2019 ,"Ramim,Ra.3,Block R2,Beds 317",,,,,,,,,,,,,,,,,,,,0.0,0.0,Yes,
01/05/2019,04/05/2019,Transplant,Transplant,Nimrod Wald,Summer Squash Anton 17/04/2019 ,"Ramim,Ra.3,Block R2,Beds 317",,,,,,,0,,,,,,,,,,,,,0.0,0.0,Yes,
17/04/2019,29/04/2019,1st potting up,Potting up,Nimrod Wald,Summer Squash Anton 17/04/2019 ,"Ramim,Ra.3,Block R2,Beds 317",,,,,,,0,,,,,,,,,,,,,0.0,0.0,Yes,
29/01/2019,30/03/2019,Transplant,Transplant,Garden Admin,Lettuce Generic Variety 15/12/2018 ,"Ramim,Ra.3,Block R2,Beds 317",,,,,,,,,,,,,,,,,,,,0.0,0.0,Yes,
13/11/2019,13/11/2019,Transplant,Transplant,Nimrod Wald,Celery Generic Variety 13/11/2019 ,"Ramim,Ra.3,Block R2,Beds 318",,,,,,,0,,,,,,,,,,,,,0.0,0.0,Yes,
10/01/2019,30/03/2019,Transplant,Transplant,Garden Admin,Celery Generic Variety 16/10/2018 ,"Ramim,Ra.3,Block R2,Beds 318",,,,,,,,,,,,,,,,,,,,0.0,0.0,Yes,
18/11/2019,18/11/2019,Transplant,Transplant,Nimrod Wald,Lettuce hyd. ערבית - נהורה נטע 08/10/2019 ,"Ramim,Ra.3,Block R2,Beds 319",,,,,,,0,,,,,,,,,,,,,0.0,0.0,Yes,
08/10/2019,10/10/2019,Greenhouse Sow,Greenhouse Sow,Nimrod Wald,Lettuce hyd. ערבית - נהורה נטע 08/10/2019 ,"Ramim,Ra.3,Block R2,Beds 319",,,,,,,,,,,,,,,,,,,,0.0,0.0,Yes,
03/06/2019,03/06/2019,Direct Sow,Direct Sow,Garden Admin,Corn Vanila 03/06/2019 ,"Ramim,Ra.3,Block R2,Beds 319",,,,,,,,,,,,,,,,,,,,0.0,0.0,Yes,
18/11/2019,18/11/2019,Transplant,Transplant,Nimrod Wald,Chard Silverado 09/10/2019 ,"Ramim,Ra.3,Block R2,Beds 320",,,,,,,0,,,,,,,,,,,,,0.0,0.0,Yes,
09/10/2019,10/10/2019,Greenhouse Sow,Greenhouse Sow,Nimrod Wald,Chard Silverado 09/10/2019 ,"Ramim,Ra.3,Block R2,Beds 320",,,,,,,0,,,,,,,,,,,,,0.0,0.0,Yes,
28/01/2019,30/03/2019,Transplant,Transplant,Garden Admin,Kohlrabi Generic Variety 15/12/2018 ,"Ramim,Ra.3,Block R2,Beds 320",,,,,,,,,,,,,,,,,,,,0.0,0.0,Yes,
15/05/2019,15/05/2019,Direct Sow,Direct Sow,Garden Admin,Corn Vanila 15/05/2019 ,"Ramim,Ra.3,Block R2,Beds 323",,,,,,,,,,,,,,,,,,,,0.0,0.0,Yes,
29/04/2019,30/04/2019,Direct Sow,Direct Sow,Garden Admin,Corn Vanila 29/04/2019 ,"Ramim,Ra.3,Block R2,Beds 326",,,,,,,,,,,,,,,,,,,,0.0,0.0,Yes,
24/06/2019,24/06/2019,Direct Sow,Direct Sow,"Garden Admin , Nimrod Wald",Corn Vanila 24/06/2019 ,"Ramim,Ra.3,Block R2,Beds 328",,,,,,,0,,,,,,,,,,,,,0.0,0.0,Yes,
26/04/2019,24/06/2019,Transplant,Transplant,Garden Admin,Lettuce Generic Variety 14/03/2019 ,"Ramim,Ra.3,Block R2,Beds 328",,,,,,,,,,,,,,,,,,,,0.0,0.0,Yes,
14/03/2019,31/03/2019,Greenhouse Sow,Greenhouse Sow,Garden Admin,Lettuce Generic Variety 14/03/2019 ,"Ramim,Ra.3,Block R2,Beds 328",,,,,,,,,,,,,,,,,,,,0.0,0.0,Yes,
13/05/2019,13/05/2019,,Transplant,Garden Admin,Tomatoes Galila - מסיימת 22/04/2019 ,"Ramim,Ra.3,Block R3,Beds 330",,,,,,,,,,,,,,,,,,,,0.0,0.0,Yes,
22/04/2019,25/04/2019,1st potting up,Potting up,Nimrod Wald,Tomatoes Galila - מסיימת 22/04/2019 ,"Ramim,Ra.3,Block R3,Beds 330",,,,,,,,,,,,,,,,,,,,0.0,0.0,Yes,
25/02/2019,31/03/2019,Direct Sow,Direct Sow,Garden Admin,Radishes French Breakfast 25/02/2019 ,"Ramim,Ra.3,Block R3,Beds 330",,,,,,,,,,,,,,,,,,,,0.0,0.0,Yes,
05/02/2019,31/03/2019,Transplant,Transplant,Garden Admin,Fennel Generic Variety 13/12/2018 ,"Ramim,Ra.3,Block R3,Beds 330",,,,,,,,,,,,,,,,,,,,0.0,0.0,Yes,
29/01/2019,31/03/2019,Transplant,Transplant,Garden Admin,Winter Squash Generic Variety 29/01/2019 ,"Ramim,Ra.3,Block R3,Beds 332",,,,,,,,,,,,,,,,,,,,0.0,0.0,Yes,
10/04/2019,10/04/2019,Transplant,Transplant,Garden Admin,Tomatoes Big Beef 08/01/2019 ,"Ramim,Ra.2,Block C1,Beds 213,Block C2,Beds 217",,,,הדלייה - קבל ראשון ואחרון - הרבה מיים בשתילה,,,0,,,,,,,,,,,,,0.0,0.0,Yes,
15/03/2019,31/03/2019,1st potting up,Potting up,Garden Admin,Tomatoes Big Beef 08/01/2019 ,"Ramim,Ra.2,Block C1,Beds 213,Block C2,Beds 217",,,,,,,0,,,,,,,,,,,,,0.0,0.0,Yes,
08/01/2019,31/03/2019,Greenhouse Sow,Greenhouse Sow,Garden Admin,Tomatoes Big Beef 08/01/2019 ,"Ramim,Ra.2,Block C1,Beds 213,Block C2,Beds 217",,,,,,,,,,,,,,,,,,,,0.0,0.0,Yes,
15/04/2019,15/04/2019,Transplant,Transplant,Garden Admin,Winter Squash Table Queen 20/03/2019 ,"Home,HH,Block B,Beds 9",,,,,,,,,,,,,,,,,,,,0.0,0.0,Yes,
20/03/2019,,Greenhouse Sow,Greenhouse Sow,Garden Admin,Winter Squash Table Queen 20/03/2019 ,"Home,HH,Block B,Beds 9",,,,,,,,,,,,,,,,,,,,0.0,0.0,Yes,
15/08/2019,20/08/2019,Transplant,Transplant,Garden Admin,Winter Squash Atlas 01/08/2019 ,"Ramim,Ra.3,Block R6m,Beds 301-303",,,,,,,0,,,,,,,,,,,,,0.0,0.0,Yes,
01/08/2019,01/08/2019,Greenhouse Sow,Greenhouse Sow,Garden Admin,Winter Squash Atlas 01/08/2019 ,"Ramim,Ra.3,Block R6m,Beds 301-303",,,,,,,,,,,,,,,,,,,,0.0,0.0,Yes,
13/10/2019,13/10/2019,Direct Sow,Direct Sow,Nimrod Wald,Lettuce: Salad Mix Mesclun Mix 13/10/2019 ,"Home,HH,Block B,Beds 12",,,,,,,0,,,,,,,,,,,,,0.0,0.0,Yes,
22/07/2019,31/07/2019,Transplant,Transplant,Garden Admin,Chard Bright Lights 26/06/2019 ,"Home,HH,Block B,Beds 12",,,,,,,0,,,,,,,,,,,,,0.0,0.0,Yes,
26/06/2019,29/06/2019,Greenhouse Sow,Greenhouse Sow,Garden Admin,Chard Bright Lights 26/06/2019 ,"Home,HH,Block B,Beds 12",,,,לזרוע קייל להשלמות בסוף המגש,,,0,,,,,,,,,,,,,0.0,0.0,Yes,
10/04/2019,10/04/2019,Transplant,Transplant,Garden Admin,Chard Bright Lights 24/02/2019 ,"Home,HH,Block B,Beds 12",,,,,,,0,,,,,,,,,,,,,0.0,0.0,Yes,
24/02/2019,31/03/2019,Greenhouse Sow,Greenhouse Sow,Garden Admin,Chard Bright Lights 24/02/2019 ,"Home,HH,Block B,Beds 12",,,,,,,,,,,,,,,,,,,,0.0,0.0,Yes,
28/11/2019,28/11/2019,Transplant,Transplant,Nimrod Wald,Lettuce מסולסלת מעורב 28/11/2019 ,"Ramim,Ra.3,Block R2,Beds 322",,,,,,,0,,,,,,,,,,,,,0.0,0.0,Yes,
12/06/2019,16/06/2019,Transplant,Transplant,Nimrod Wald,Cucumbers Facus - פאקוס 29/05/2019 ,"Ramim,Ra.3,Block R2,Beds 322",,,,,,,0,,,,,,,,,,,,,0.0,0.0,Yes,
29/05/2019,28/05/2019,Direct Sow,Direct Sow,Garden Admin,Corn Vanila 29/05/2019 ,"Ramim,Ra.3,Block R2,Beds 322",,,,,,,,,,,,,,,,,,,,0.0,0.0,Yes,
29/05/2019,29/05/2019,Greenhouse Sow,Greenhouse Sow,Yaniv Bocian,Cucumbers Facus - פאקוס 29/05/2019 ,"Ramim,Ra.3,Block R2,Beds 322",,,,,,,0,,,,,,,,,,,,,0.0,0.0,Yes,
07/08/2019,08/08/2019,Transplant,Transplant,Garden Admin,Dill Generic Variety 04/07/2019 ,"Ramim,Ra.1,Block L1,Beds 118,120",,,,,,,0,,,,,,,,,,,,,0.0,0.0,Yes,
04/07/2019,07/07/2019,Greenhouse Sow,Greenhouse Sow,Garden Admin,Dill Generic Variety 04/07/2019 ,"Ramim,Ra.1,Block L1,Beds 118,120",,,,,,,,,,,,,,,,,,,,0.0,0.0,Yes,
13/10/2019,13/10/2019,Direct Sow,Direct Sow,Nimrod Wald,Arugula Arugula 13/10/2019 ,"Home,HH,Block B,Beds 11",,,,,,,0,,,,,,,,,,,,,0.0,0.0,Yes,
13/10/2019,13/10/2019,Direct Sow,Direct Sow,Nimrod Wald,Arugula Wild Rocket 13/10/2019 ,"Home,HH,Block B,Beds 11",,,,,,,0,,,,,,,,,,,,,0.0,0.0,Yes,
12/08/2019,12/08/2019,Transplant,Transplant,Nimrod Wald,Kale Lacinato (Dinosaur) 12/08/2019 ,"Home,HH,Block B,Beds 11",,,,,,,,,,,,,,,,,,,,0.0,0.0,Yes,
25/04/2019,25/04/2019,Transplant,Transplant,Garden Admin,Kale Red Russian 20/03/2019 ,"Home,HH,Block B,Beds 11",,,,,,,,,,,,,,,,,,,,0.0,0.0,Yes,
20/03/2019,31/03/2019,Greenhouse Sow,Greenhouse Sow,Garden Admin,Kale Red Russian 20/03/2019 ,"Home,HH,Block B,Beds 11",,,,,,,,,,,,,,,,,,,,0.0,0.0,Yes,
11/12/2019,11/12/2019,Transplant,Transplant,Nimrod Wald,Dill Generic Variety 11/12/2019 ,"Ramim,Ra.1,Block L6m,Beds 108",,,,,,,0,,,,,,,,,,,,,0.0,0.0,Yes,
26/09/2019,04/10/2019,Transplant,Transplant,Nimrod Wald,Pac Choi (Bok Choy) Generic Variety 28/08/2019 ,"Ramim,Ra.1,Block L6m,Beds 108",,,,,,,,,,,,,,,,,,,,0.0,0.0,Yes,
12/09/2019,16/09/2019,Transplant,Transplant,Nimrod Wald,Pac Choi (Bok Choy) Generic Variety 15/08/2019 ,"Ramim,Ra.1,Block L6m,Beds 108",,,,,,,0,,,,,,,,,,,,,0.0,0.0,Yes,
28/08/2019,28/08/2019,Greenhouse Sow,Greenhouse Sow,Nimrod Wald,Pac Choi (Bok Choy) Generic Variety 28/08/2019 ,"Ramim,Ra.1,Block L6m,Beds 108",,,,,,,,,,,,,,,,,,,,0.0,0.0,Yes,
15/08/2019,20/08/2019,Greenhouse Sow,Greenhouse Sow,Nimrod Wald,Pac Choi (Bok Choy) Generic Variety 15/08/2019 ,"Ramim,Ra.1,Block L6m,Beds 108",,,,,,,,,,,,,,,,,,,,0.0,0.0,Yes,
12/08/2019,12/08/2019,Direct Sow,Direct Sow,Nimrod Wald,Lettuce: Salad Mix Mesclun Mix 12/08/2019 ,"Ramim,Ra.1,Block L6m,Beds 108",,,,,,,0,,,,,,,,,,,,,0.0,0.0,Yes,
15/05/2019,15/05/2019,Direct Sow,Direct Sow,Garden Admin,"Lettuce: Salad Mix מיקס שלנו, דמוי בן שחר 15/05/2019 ","Ramim,Ra.1,Block L6m,Beds 108",,,,,,,0,,,,,,,,,,,,,0.0,0.0,Yes,
27/02/2019,09/04/2019,Direct Sow,Direct Sow,Nimrod Wald,Mizuna Generic Variety 27/02/2019 ,"Ramim,Ra.1,Block L6m,Beds 108",,,,,,,,,,,,,,,,,,,,0.0,0.0,Yes,
04/12/2019,04/12/2019,Transplant,Transplant,Nimrod Wald,Onions: Scallions Generic Variety 06/11/2019 ,"Ramim,Ra.3,Block R6m,Beds 303",,,,,,,,,,,,,,,,,,,,0.0,0.0,Yes,
18/11/2019,18/11/2019,Greenhouse Sow,Greenhouse Sow,Nimrod Wald,Onions: Scallions Generic Variety 18/11/2019 ,"Ramim,Ra.3,Block R6m,Beds 303",,,,,,,0,,,,,,,,,,,,,0.0,0.0,Yes,
06/11/2019,06/11/2019,Greenhouse Sow,Greenhouse Sow,Nimrod Wald,Onions: Scallions Generic Variety 06/11/2019 ,"Ramim,Ra.3,Block R6m,Beds 303",,,,,,,0,,,,,,,,,,,,,0.0,0.0,Yes,
22/05/2019,23/05/2019,Transplant,Transplant,Nimrod Wald,Cilantro Generic Variety 22/05/2019 ,"Ramim,Ra.3,Block R6m,Beds 303",,,,,,,0,,,,,,,,,,,,,0.0,0.0,Yes,
03/01/2019,02/04/2019,Transplant,Transplant,Nimrod Wald,Dill Generic Variety 13/11/2018 ,"Ramim,Ra.3,Block R6m,Beds 303",,,,,,,,,,,,,,,,,,,,0.0,0.0,Yes,
12/08/2019,12/08/2019,Direct Sow,Direct Sow,Nimrod Wald,Mizuna Generic Variety 12/08/2019 ,"Ramim,Ra.1,Block L6m,Beds 102",,,,,,,0,,,,,,,,,,,,,0.0,0.0,Yes,
03/04/2019,03/04/2019,Direct Sow,Direct Sow,Nimrod Wald,Arugula Arugula 03/04/2019 ,"Ramim,Ra.1,Block L6m,Beds 102",,,,,,,,,,,,,,,,,,,,0.0,0.0,Yes,
08/05/2019,08/05/2019,Transplant,Transplant,Nimrod Wald,Winter Squash Generic Variety 18/04/2019 ,"Ramim,Ra.3,Block R1,Beds 316,Block R2,Beds 320",,,,,,,0,,,,,,,,,,,,,0.0,0.0,Yes,
18/04/2019,28/04/2019,Greenhouse Sow,Greenhouse Sow,Nimrod Wald,Winter Squash Generic Variety 18/04/2019 ,"Ramim,Ra.3,Block R1,Beds 316,Block R2,Beds 320",,,,,,,,,,,,,,,,,,,,0.0,0.0,Yes,
16/12/2019,16/12/2019,Transplant,Transplant,Nimrod Wald,Lettuce hyd. ערבית - נהורה נטע 06/11/2019 ,"Ramim,Ra.2,Block C1,Beds 213",,,,,,,0,,,,,,,,,,,,,0.0,0.0,Yes,
06/11/2019,06/11/2019,Greenhouse Sow,Greenhouse Sow,Nimrod Wald,Lettuce hyd. ערבית - נהורה נטע 06/11/2019 ,"Ramim,Ra.2,Block C1,Beds 213",,,,,,,,,,,,,,,,,,,,0.0,0.0,Yes,
17/10/2019,17/10/2019,Transplant,Transplant,Nimrod Wald,Lettuce מסולסלת מעורב 17/10/2019 ,"Ramim,Ra.2,Block C1,Beds 213",,,,,,,0,,,,,,,,,,,,,0.0,0.0,Yes,
23/12/2019,28/12/2019,Transplant,Transplant,Nimrod Wald,Lettuce hyd. ערבית - נהורה נטע 18/11/2019 ,"Ramim,Ra.3,Block R3,Beds 333,335",,,,,,,0,,,,,,,,,,,,,0.0,0.0,Yes,
18/11/2019,18/11/2019,Greenhouse Sow,Greenhouse Sow,Nimrod Wald,Lettuce hyd. ערבית - נהורה נטע 18/11/2019 ,"Ramim,Ra.3,Block R3,Beds 333,335",,,,,,,,,,,,,,,,,,,,0.0,0.0,Yes,
04/12/2019,04/12/2019,Direct Sow,Direct Sow,Nimrod Wald,Jerusalem Artichokes Generic Variety 04/12/2019 ,"Home,HH,Block A,Beds 1-3",,,,,,,,,,ערוגה 1 חצי רחוק במרחקים כפולים. לבדוק מה יוצר טוב,,,,,,,,,,0.0,0.0,Yes,
16/09/2019,16/09/2019,Direct Sow,Direct Sow,Nimrod Wald,"Lettuce: Salad Mix מיקס שלנו, דמוי בן שחר 16/09/2019 ","Home,HH,Block C,Beds 16-17",,,,,,,0,,,,,,,,,,,,,0.0,0.0,Yes,
18/11/2019,18/11/2019,Greenhouse Sow,Greenhouse Sow,Nimrod Wald,Fennel Generic Variety 18/11/2019 ,"Ramim,Ra.3,Block R3,Beds 336",,,,,,,,,,,,,,,,,,,,0.0,0.0,Yes,
17/10/2019,17/10/2019,Direct Sow,Direct Sow,Nimrod Wald,Garlic שני - מהגינה 17/10/2019 ,"Ramim,Ra.3,Block R2,Beds 325-328",,,,,,,0,,,,,,,,,,,,,0.0,0.0,Yes,
28/10/2019,28/10/2019,Direct Sow,Direct Sow,Nimrod Wald,Peas De Grace 28/10/2019 ,"Ramim,Ra.3,Block R3,Beds 329-330",,,,,,,0,,,,,,,,,,,,,0.0,0.0,Yes,
24/10/2019,24/10/2019,"GH  Saw - השלמות, Greenhouse Activity",Greenhouse Activity,Nimrod Wald,Peas De Grace 28/10/2019 ,"Ramim,Ra.3,Block R3,Beds 329-330",GH  Saw - השלמות,,,,,,0,,,,,,,,,,,,,0.0,0.0,Yes,
18/11/2019,19/11/2019,Direct Sow,Direct Sow,Nimrod Wald,Peas De Grace 18/11/2019 ,"Ramim,Ra.3,Block R2,Beds 321,324",,,,,,,0,,,,,,,,,,,,,0.0,0.0,Yes,
18/11/2019,18/11/2019,"GH  Saw - השלמות, Greenhouse Activity",Greenhouse Activity,Nimrod Wald,Peas De Grace 18/11/2019 ,"Ramim,Ra.3,Block R2,Beds 321,324",GH  Saw - השלמות,,,,,,0,,,,,,,,,,,,,0.0,0.0,Yes,
16/12/2019,16/12/2019,"GH  Saw - השלמות, Greenhouse Activity",Greenhouse Activity,Nimrod Wald,Peas Taccola gigante 12/12/2019 ,"Ramim,Ra.3",GH  Saw - השלמות,,,,,,0,,,,,,,,,,,,,0.0,0.0,Yes,0.00
16/10/2019,16/10/2019,Direct Sow,Direct Sow,Nimrod Wald,Carrots Nantes Half Long 16/10/2019 ,"Ramim,Ra.2,Block C1,Beds 215-216",,,,,,,0,,,,,,,,,,,,,0.0,0.0,Yes,
27/11/2019,27/11/2019,Direct Sow,Direct Sow,Nimrod Wald,Carrots Nantes Half Long 27/11/2019 ,"Ramim,Ra.2,Block C2,Beds 225-226",,,,,,,0,,,,,,,,,,,,,0.0,0.0,Yes,
30/09/2019,04/10/2019,Transplant,Transplant,Nimrod Wald,Cabbage ירוק חישתיל 30/09/2019 ,"Ramim,Ra.3,Block R1,Beds 306,308",,,,,,,0,,,,,,,,,,,,,0.0,0.0,Yes,
30/09/2019,04/10/2019,Transplant,Transplant,Nimrod Wald,Cabbage סגול חישתיל 30/09/2019 ,"Ramim,Ra.3,Block R1,Beds 306,308",,,,,,,,,,,,,,,,,,,,0.0,0.0,Yes,
26/08/2019,26/08/2019,חידוש ערוגה,Stale Bed,"Garden Crew , Nimrod Wald",   ,"Ramim,Ra.2,Block C1,Beds 209-212",,,,הכנה לזריעה ישירה בייבי,,,0,,,,,,,,,,,,,0.0,0.0,Yes,0.00
14/11/2019,14/11/2019,Transplant,Transplant,Nimrod Wald,Artichokes גבע - דור 2 23/09/2019 ,"Home,HH,Block A,Beds 5-6,Block B,Beds 7",,,,,,,,,,,,,,,,,,,,0.0,0.0,Yes,
23/09/2019,05/10/2019,Greenhouse Sow,Greenhouse Sow,Nimrod Wald,Artichokes גבע - דור 2 23/09/2019 ,"Home,HH,Block A,Beds 5-6,Block B,Beds 7",,,,,,,,,,,,,,,,,,,,0.0,0.0,Yes,
23/10/2019,23/10/2019,Direct Sow,Direct Sow,Nimrod Wald,Onions Generic Variety 23/10/2019 ,"Ramim,Ra.3,Block R3,Beds 331-332",,,,,,,,,,,,,,,,,,,,0.0,0.0,Yes,
17/10/2019,17/10/2019,Transplant,Transplant,Nimrod Wald,Parsley Generic Variety 17/10/2019 ,"Ramim,Ra.1,Block L2,Beds 122,Block L6m,Beds 102",,,,,,,0,,,,,,,,,,,,,0.0,0.0,Yes,
17/10/2019,17/10/2019,Transplant,Transplant,Nimrod Wald,Cilantro Generic Variety 17/10/2019 ,"Ramim,Ra.1,Block L2,Beds 122-123",,,,,,,0,,,,,,,,,,,,,0.0,0.0,Yes,
06/11/2019,06/11/2019,Direct Sow,Direct Sow,Nimrod Wald,Lettuce: Salad Mix Mesclun Mix 06/11/2019 ,"Home,HH,Block B,Beds 8-9",,,,,,,0,,,,,,,,,,,,,0.0,0.0,Yes,
23/12/2019,28/12/2019,Transplant,Transplant,Nimrod Wald,Lettuce מסולסלת מעורב 18/11/2019 ,"Ramim,Ra.3,Block R3,Beds 334-335",,,,,,,0,,,,,,,,,,,,,0.0,0.0,Yes,
18/11/2019,18/11/2019,Greenhouse Sow,Greenhouse Sow,Nimrod Wald,Lettuce מסולסלת מעורב 18/11/2019 ,"Ramim,Ra.3,Block R3,Beds 334-335",,,,,,,,,,,,,,,,,,,,0.0,0.0,Yes,
10/12/2019,24/01/2020,ריכוז שעות,ריכוז שעות,Garden Crew,   ,"Home,HH,Ramim,Ra.1,Ra.2,Ra.3",,,,,,,0,,,,,,,,,,,,,0.0,0.0,Yes,258.00
10/11/2019,24/01/2020,ריכוז שעות,ריכוז שעות,Garden Crew,   ,"Home,HH,Ramim,Ra.1,Ra.2,Ra.3",,,,,,,0,,,,,,,,,,,,,0.0,0.0,Yes,213.00
10/10/2019,24/01/2020,ריכוז שעות,ריכוז שעות,Garden Crew,   ,"Home,HH,Ramim,Ra.1,Ra.2,Ra.3",,,,ריכוז שעות חודשי,,,0,,,,,,,,,,,,,0.0,0.0,Yes,276.00
10/09/2019,24/01/2020,ריכוז שעות,ריכוז שעות,Garden Crew,   ,"Home,HH,Ramim,Ra.1,Ra.2,Ra.3",,,,ריכוז שעות חודשי,,,0,,,,,,,,,,,,,0.0,0.0,Yes,337.00
10/08/2019,24/01/2020,ריכוז שעות,ריכוז שעות,Garden Crew,   ,"Home,HH,Ramim,Ra.1,Ra.2,Ra.3",,,,ריכוז שעות חודשי,,,0,,,,,,,,,,,,,0.0,0.0,Yes,353.00
10/07/2019,24/01/2020,ריכוז שעות,ריכוז שעות,Garden Crew,   ,"Home,HH,Ramim,Ra.1,Ra.2,Ra.3",,,,ריכוז שעות חודשי עובדים,,,0,,,,,,,,,,,,,0.0,0.0,Yes,590.00
30/12/2019,07/01/2020,Transplant,Transplant,Nimrod Wald,Celery Generic Variety 20/10/2019 ,,,,,,,,0,,,,,,,,,,,,,0.0,0.0,Yes,
24/12/2019,02/01/2020,Greenhouse Sow,Greenhouse Sow,Nimrod Wald,Lettuce hyd. ערבית - נהורה נטע 24/12/2019 ,,,,,,,,,,,,,,,,,,,,,0.0,0.0,Yes,
24/12/2019,02/01/2020,Greenhouse Sow,Greenhouse Sow,Nimrod Wald,Lettuce מסולסלת מעורב 24/12/2019 ,,,,,,,,,,,,,,,,,,,,,0.0,0.0,Yes,
23/12/2019,13/01/2020,Transplant,Transplant,Nimrod Wald,Beets Chioggia Guardsmark 14/11/2019 ,,,,,,,,0,,,,,,,,,,,,,0.0,0.0,Yes,
22/12/2019,31/12/2019,הורדת כיסוי - חשיפה לשמש,Row Cover & Mulch,Nimrod Wald,Sunflower Generic Variety 18/12/2019 ,,Mulch,Black Plastic,,הורדת חיפוי וחשיפה לשמש,,,0,,,,,,,,,,,,,0.0,0.0,Yes,
18/12/2019,18/12/2019,Greenhouse Sow,Greenhouse Sow,Nimrod Wald,Sunflower Generic Variety 18/12/2019 ,,,,,,,,,,,,,,,,,,,,,0.0,0.0,Yes,
16/12/2019,16/12/2019,Greenhouse Sow,Greenhouse Sow,Nimrod Wald,Lettuce מסולסלת מעורב 16/12/2019 ,,,,,,,,,,,ירוק אדום וחמאה,,,,,,,,,,0.0,0.0,Yes,
16/12/2019,16/12/2019,Greenhouse Sow,Greenhouse Sow,Nimrod Wald,Beets Chioggia Guardsmark 16/12/2019 ,,,,,שלושה זנים,,,,,,שלושה זנים. ציוגיה בולדר מוארך ,,,,,,,,,,0.0,0.0,Yes,
16/12/2019,16/12/2019,Greenhouse Sow,Greenhouse Sow,Nimrod Wald,Lettuce: Salad Mix נטע מיקס - Luna Nera+Cavalo 16/12/2019 ,,,,,,,,,,,גם טיפה ציקורי. ,,,,,,,,,,0.0,0.0,Yes,
16/12/2019,15/01/2020,Greenhouse Sow,Greenhouse Sow,Nimrod Wald,Lettuce hyd. ערבית - נהורה נטע 16/12/2019 ,,,,,,,,,,,,,,,,,,,,,0.0,0.0,Yes,
16/12/2019,30/01/2020,Greenhouse Sow,Greenhouse Sow,Nimrod Wald,Poppy Generic Variety 16/12/2019 ,,,,,,,,,,,,,,,,,,,,,0.0,0.0,Yes,
15/12/2019,16/12/2019,הורדת כיסוי - חשיפה לשמש,Row Cover & Mulch,Nimrod Wald,Sunflower Generic Variety 10/12/2019 ,,Mulch,Black Plastic,,הורדת חיפוי וחשיפה לשמש,,,0,,,,,,,,,,,,,0.0,0.0,Yes,0.00
12/12/2019,12/12/2019,Greenhouse Sow,Greenhouse Sow,Nimrod Wald,Sunflower Generic Variety 12/12/2019 ,,,,,,,,,,,,,,,,,,,,,0.0,0.0,Yes,
11/12/2019,12/12/2019,Transplant,Transplant,Nimrod Wald,Kale Lacinato (Dinosaur) 06/11/2019 ,,,,,,,,,,,,,,,,,,,,,0.0,0.0,Yes,
11/12/2019,12/12/2019,Transplant,Transplant,Nimrod Wald,Broccoli Cavolo Broccolo 06/11/2019 ,,,,,,,,,,,,,,,,,,,,,0.0,0.0,Yes,
11/12/2019,11/12/2019,השריית זרעים,השריית זרעים,Nimrod Wald,Sunflower Generic Variety 12/12/2019 ,,,,,,,,0,,,,,,,,,,,,,0.0,0.0,Yes,
10/12/2019,11/12/2019,Greenhouse Sow,Greenhouse Sow,Nimrod Wald,Sunflower Generic Variety 10/12/2019 ,,,,,,,,,,,,,,,,,,,,,0.0,0.0,Yes,
09/12/2019,09/12/2019,השריית זרעים,השריית זרעים,Nimrod Wald,Sunflower Generic Variety 10/12/2019 ,,,,,,,,0,,,,,,,,,,,,,0.0,0.0,Yes,
08/12/2019,09/12/2019,הורדת כיסוי - חשיפה לשמש,Row Cover & Mulch,Nimrod Wald,Sunflower Generic Variety 04/12/2019 ,,Mulch,Black Plastic,,הורדת חיפוי וחשיפה לשמש,,,0,,,,,,,,,,,,,0.0,0.0,Yes,
04/12/2019,04/12/2019,Greenhouse Sow,Greenhouse Sow,Nimrod Wald,Sunflower Generic Variety 04/12/2019 ,,,,,,,,,,,,,,,,,,,,,0.0,0.0,Yes,
04/12/2019,04/12/2019,Greenhouse Sow,Greenhouse Sow,Nimrod Wald,Broccoli Cavolo Broccolo 04/12/2019 ,,,,,,,,0,,,,,,,,,,,,,0.0,0.0,Yes,
04/12/2019,04/12/2019,Greenhouse Sow,Greenhouse Sow,Nimrod Wald,Kale Lacinato (Dinosaur) 04/12/2019 ,,,,,,,,0,,,,,,,,,,,,,0.0,0.0,Yes,
03/12/2019,04/12/2019,השריית זרעים,השריית זרעים,Nimrod Wald,Sunflower Generic Variety 04/12/2019 ,,,,,,,,0,,,,,,,,,,,,,0.0,0.0,Yes,0.00
02/12/2019,02/12/2019,Greenhouse Sow,Greenhouse Sow,Nimrod Wald,Lettuce hyd. ערבית - נהורה נטע 02/12/2019 ,,,,,,,,0,,,,,,,,,,,,,0.0,0.0,Yes,
02/12/2019,16/12/2019,Greenhouse Sow,Greenhouse Sow,Nimrod Wald,Lettuce מסולסלת מעורב 02/12/2019 ,,,,,,,,,,,,,,,,,,,,,0.0,0.0,Yes,
02/12/2019,02/12/2019,Greenhouse Sow,Greenhouse Sow,Nimrod Wald,Cilantro Santirini - נטע 02/12/2019 ,,,,,,,,,,,,,,,,,,,,,0.0,0.0,Yes,
02/12/2019,02/12/2019,Greenhouse Sow,Greenhouse Sow,Nimrod Wald,Pac Choi (Bok Choy) Generic Variety 02/12/2019 ,,,,,,,,,,,,,,,,,,,,,0.0,0.0,Yes,
02/12/2019,02/12/2019,Greenhouse Sow,Greenhouse Sow,Nimrod Wald,Kohlrabi קרף - נטע 02/12/2019 ,,,,,,,,,,,,,,,,,,,,,0.0,0.0,Yes,
02/12/2019,02/12/2019,Greenhouse Sow,Greenhouse Sow,Nimrod Wald,Celery Gigante Dorato 02/12/2019 ,,,,,,,,0,,,,,,,,,,,,,0.0,0.0,Yes,
02/12/2019,02/12/2019,Greenhouse Sow,Greenhouse Sow,Nimrod Wald,Dill אמליה 02/12/2019 ,,,,,,,,,,,,,,,,,,,,,0.0,0.0,Yes,
02/12/2019,08/12/2019,Greenhouse Sow,Greenhouse Sow,Nimrod Wald,Lettuce: Salad Mix נטע מיקס - Luna Nera+Cavalo 02/12/2019 ,,,,,,,,,,,,,,,,,,,,,0.0,0.0,Yes,
02/12/2019,15/01/2020,Greenhouse Sow,Greenhouse Sow,Nimrod Wald,Lettuce hyd. ערבית - נהורה נטע 02/12/2019 ,,,,,,,,,,,,,,,,,,,,,0.0,0.0,Yes,
02/12/2019,02/12/2019,הורדת כיסוי - חשיפה לשמש,Row Cover & Mulch,Nimrod Wald,Sunflower Generic Variety 27/11/2019 ,,Mulch,Black Plastic,,הורדת חיפוי וחשיפה לשמש,,,0,,,,,,,,,,,,,0.0,0.0,Yes,0.00
28/11/2019,28/11/2019,Greenhouse Sow,Greenhouse Sow,Nimrod Wald,Kohlrabi Generic Variety 28/11/2019 ,,,,,,,,,,,,,,,,,,,,,0.0,0.0,Yes,
27/11/2019,27/11/2019,Greenhouse Sow,Greenhouse Sow,Nimrod Wald,Sunflower Generic Variety 27/11/2019 ,,,,,,,,,,,,,,,,,,,,,0.0,0.0,Yes,
26/11/2019,26/11/2019,Greenhouse Sow,Greenhouse Sow,Nimrod Wald,Sunflower Generic Variety 26/11/2019 ,,,,,,,,,,,,,,,,,,,,,0.0,0.0,Yes,
26/11/2019,26/11/2019,השריית זרעים,השריית זרעים,Nimrod Wald,Sunflower Generic Variety 27/11/2019 ,,,,,,,,0,,,,,,,,,,,,,0.0,0.0,Yes,
25/11/2019,25/11/2019,Greenhouse Sow,Greenhouse Sow,Nimrod Wald,Peas Desiree Dwarf Blauwschokkers 25/11/2019 ,,,,,,,,,,,,,,,,,,,,,0.0,0.0,Yes,
25/11/2019,25/11/2019,הורדת כיסוי - חשיפה לשמש,Row Cover & Mulch,Nimrod Wald,Sunflower Generic Variety 19/11/2019 ,,Mulch,Black Plastic,,הורדת חיפוי וחשיפה לשמש,,,0,,,,,,,,,,,,,0.0,0.0,Yes,
25/11/2019,25/11/2019,הורדת כיסוי - חשיפה לשמש,Row Cover & Mulch,Nimrod Wald,Sunflower Generic Variety 20/11/2019 ,,Mulch,Black Plastic,,הורדת חיפוי וחשיפה לשמש,,,0,,,,,,,,,,,,,0.0,0.0,Yes,
25/11/2019,25/11/2019,השריית זרעים,השריית זרעים,Nimrod Wald,Sunflower Generic Variety 26/11/2019 ,,,,,,,,0,,,,,,,,,,,,,0.0,0.0,Yes,
20/11/2019,20/11/2019,Greenhouse Sow,Greenhouse Sow,Nimrod Wald,Sunflower Generic Variety 20/11/2019 ,,,,,,,,0,,,השרייה עם חומץ 18 שעות ללא קירור,,,,,,,,,,0.0,0.0,Yes,
19/11/2019,19/11/2019,Greenhouse Sow,Greenhouse Sow,Nimrod Wald,Sunflower Generic Variety 19/11/2019 ,,,,,,,,,,,,,,,,,,,,,0.0,0.0,Yes,
19/11/2019,19/11/2019,השריית זרעים,השריית זרעים,Nimrod Wald,Sunflower Generic Variety 20/11/2019 ,,,,,,,,0,,,,,,,,,,,,,0.0,0.0,Yes,
18/11/2019,18/11/2019,הורדת כיסוי - חשיפה לשמש,Row Cover & Mulch,Nimrod Wald,Sunflower Generic Variety 13/11/2019 ,,Mulch,Black Plastic,,הורדת חיפוי וחשיפה לשמש,,,0,,,,,,,,,,,,,0.0,0.0,Yes,0.00
18/11/2019,18/11/2019,השריית זרעים,השריית זרעים,Nimrod Wald,Sunflower Generic Variety 19/11/2019 ,,,,,,,,0,,,,,,,,,,,,,0.0,0.0,Yes,
14/11/2019,14/11/2019,Greenhouse Sow,Greenhouse Sow,Nimrod Wald,Beets Chioggia Guardsmark 14/11/2019 ,,,,,,,,0,,,,,,,,,,,,,0.0,0.0,Yes,
13/11/2019,13/11/2019,Greenhouse Sow,Greenhouse Sow,Nimrod Wald,Sunflower Generic Variety 13/11/2019 ,,,,,,,,,,,,,,,,,,,,,0.0,0.0,Yes,
12/11/2019,13/11/2019,השריית זרעים,השריית זרעים,Nimrod Wald,Sunflower Generic Variety 13/11/2019 ,,,,,,,,0,,,,,,,,,,,,,0.0,0.0,Yes,0.00
10/11/2019,10/11/2019,הורדת כיסוי - חשיפה לשמש,Row Cover & Mulch,Nimrod Wald,Sunflower Generic Variety 06/11/2019 ,,Mulch,Black Plastic,,הורדת חיפוי וחשיפה לשמש,,,0,,,,,,,,,,,,,0.0,0.0,Yes,
06/11/2019,06/11/2019,Greenhouse Sow,Greenhouse Sow,Nimrod Wald,Parsley בורג'ו - נטע 06/11/2019 ,,,,,,,,,,,,,,,,,,,,,0.0,0.0,Yes,
06/11/2019,06/11/2019,Greenhouse Sow,Greenhouse Sow,Nimrod Wald,Kale Lacinato (Dinosaur) 06/11/2019 ,,,,,,,,,,,,,,,,,,,,,0.0,0.0,Yes,
06/11/2019,06/11/2019,Greenhouse Sow,Greenhouse Sow,Nimrod Wald,Broccoli Cavolo Broccolo 06/11/2019 ,,,,,,,,0,,,,,,,,,,,,,0.0,0.0,Yes,
06/11/2019,06/11/2019,Greenhouse Sow,Greenhouse Sow,Nimrod Wald,Sunflower Generic Variety 06/11/2019 ,,,,,,,,,,,,,,,,,,,,,0.0,0.0,Yes,
05/11/2019,10/11/2019,השריית זרעים,השריית זרעים,Nimrod Wald,Sunflower Generic Variety 06/11/2019 ,,,,,,,,0,,,,,,,,,,,,,0.0,0.0,Yes,
28/10/2019,29/10/2019,Greenhouse Sow,Greenhouse Sow,Nimrod Wald,Sunflower Generic Variety 28/10/2019 ,,,,,,,,,,,,,,,,,,,,,0.0,0.0,Yes,
28/10/2019,28/10/2019,השריית זרעים,השריית זרעים,Nimrod Wald,Sunflower Generic Variety 28/10/2019 ,,,,,,,,0,,,,,,,,,,,,,0.0,0.0,Yes,
20/10/2019,19/10/2019,Greenhouse Sow,Greenhouse Sow,Nimrod Wald,Celery Generic Variety 20/10/2019 ,,,,,,,,0,,,,,,,,,,,,,0.0,0.0,Yes,
25/09/2019,10/10/2019,Transplant,Transplant,Garden Admin,Lettuce Generic Variety 26/08/2019 ,,,,,,,,,,,,,,,,,,,,,0.0,0.0,Yes,
02/09/2019,10/10/2019,Transplant,Transplant,Nimrod Wald,Kale Lacinato (Dinosaur) 01/08/2019 ,,,,,,,,0,,,,,,,,,,,,,0.0,0.0,Yes,
26/08/2019,26/08/2019,Greenhouse Sow,Greenhouse Sow,Garden Admin,Lettuce Generic Variety 26/08/2019 ,,,,,,,,0,,,,,,,,,,,,,0.0,0.0,Yes,
21/08/2019,25/08/2019,Transplant,Transplant,Nimrod Wald,Kohlrabi קרף - נטע 25/07/2019 ,,,,,,,,0,,,,,,,,,,,,,0.0,0.0,Yes,
05/08/2019,15/08/2019,Transplant,Transplant,Nimrod Wald,Kohlrabi קרף - נטע 08/07/2019 ,,,,,,,,0,,,,,,,,,,,,,0.0,0.0,Yes,
01/08/2019,01/08/2019,Greenhouse Sow,Greenhouse Sow,Nimrod Wald,Kale Lacinato (Dinosaur) 01/08/2019 ,,,,,,,,,,,,,,,,,,,,,0.0,0.0,Yes,
29/07/2019,15/08/2019,Transplant,Transplant,Garden Admin,Lettuce Generic Variety 04/07/2019 ,,,,,,,,,,,,,,,,,,,,,0.0,0.0,Yes,
25/07/2019,31/07/2019,Greenhouse Sow,Greenhouse Sow,Nimrod Wald,Kohlrabi קרף - נטע 25/07/2019 ,,,,,,,,,,,,,,,,,,,,,0.0,0.0,Yes,
15/07/2019,21/07/2019,Transplant,Transplant,Garden Admin,Onions: Scallions Generic Variety 22/05/2019 ,,,,,,,,,,,,,,,,,,,,,0.0,0.0,Yes,
08/07/2019,10/07/2019,Greenhouse Sow,Greenhouse Sow,Nimrod Wald,Kohlrabi קרף - נטע 08/07/2019 ,,,,,,,,,,,,,,,,,,,,,0.0,0.0,Yes,
04/07/2019,07/07/2019,Greenhouse Sow,Greenhouse Sow,Garden Admin,Lettuce Generic Variety 04/07/2019 ,,,,,,,,,,,,,,,,,,,,,0.0,0.0,Yes,
09/06/2019,12/06/2019,Greenhouse Sow,Greenhouse Sow,Nimrod Wald,Sunflower Generic Variety 09/06/2019 ,,,,,,,,,,,,,,,,,,,,,0.0,0.0,Yes,
27/05/2019,29/05/2019,Greenhouse Sow,Greenhouse Sow,Yaniv Bocian,Sunflower Generic Variety 27/05/2019 ,,,,,,,,,,,,,,,,,,,,,0.0,0.0,Yes,
22/05/2019,22/05/2019,Greenhouse Sow,Greenhouse Sow,Garden Admin,Onions: Scallions Generic Variety 22/05/2019 ,,,,,,,,0,,,,,,,,,,,,,0.0,0.0,Yes,
22/05/2019,23/05/2019,Greenhouse Sow,Greenhouse Sow,Nimrod Wald,Sunflower Generic Variety 22/05/2019 ,,,,,,,,,,,,,,,,,,,,,0.0,0.0,Yes,
20/05/2019,21/05/2019,Transplant,Transplant,Garden Admin,Leeks Generic Variety 20/03/2019 ,,,,,,,,0,,,,,,,,,,,,,0.0,0.0,Yes,
15/04/2019,15/04/2019,Transplant,Transplant,Nimrod Wald,Winter Squash Generic Variety 11/03/2019 ,,,,,,,,0,,,,,,,,,,,,,0.0,0.0,Yes,
15/04/2019,15/04/2019,Transplant,Transplant,Nimrod Wald,Winter Squash Atlas 27/03/2019 ,,,,,,,,,,,,,,,,,,,,,0.0,0.0,Yes,
15/04/2019,15/04/2019,Transplant,Transplant,Nimrod Wald,Winter Squash Pino 27/03/2019 ,,,,,,,,,,,,,,,,,,,,,0.0,0.0,Yes,
27/03/2019,15/04/2019,Greenhouse Sow,Greenhouse Sow,Nimrod Wald,Winter Squash Atlas 27/03/2019 ,,,,,,,,,,,,,,,,,,,,,0.0,0.0,Yes,
27/03/2019,15/04/2019,Greenhouse Sow,Greenhouse Sow,Nimrod Wald,Winter Squash Pino 27/03/2019 ,,,,,,,,,,,,,,,,,,,,,0.0,0.0,Yes,
20/03/2019,31/03/2019,Greenhouse Sow,Greenhouse Sow,Garden Admin,Leeks Generic Variety 20/03/2019 ,,,,,,,,,,,,,,,,,,,,,0.0,0.0,Yes,
11/03/2019,03/04/2019,Greenhouse Sow,Greenhouse Sow,Nimrod Wald,Winter Squash Generic Variety 11/03/2019 ,,,,,,,,,,,,,,,,,,,,,0.0,0.0,Yes,
17/01/2019,30/03/2019,Greenhouse Sow,Greenhouse Sow,Garden Admin,Cilantro Santirini - נטע 17/01/2019 ,,,,,,,,,,,,,,,,,,,,,0.0,0.0,Yes,
